mag,det,file,pitch,quant,snr
1000,SED,Grp_003_SED_X000_Y000.png,1.6518811664210011,1.6552730375757574,9.365261843611147
1000,SED,Grp_003_SED_X000_Y001.png,1.644036305503991,1.645301513253012,10.502459867921864
1000,SED,Grp_003_SED_X000_Y002.png,1.6449870110928548,1.645301513253012,10.18181340393805
1000,SED,Grp_003_SED_X000_Y003.png,1.6463650085178907,1.645301513253012,9.062972171246571
1000,SED,Grp_003_SED_X000_Y004.png,1.6431679632714964,1.645301513253012,8.881200216418662
1000,SED,Grp_003_SED_X000_Y005.png,1.6407949973517,1.645301513253012,9.114803750323498
1000,SED,Grp_003_SED_X000_Y006.png,1.6405090892790433,1.645301513253012,9.55423125850031
1000,SED,Grp_003_SED_X000_Y007.png,1.6383652764156127,1.6354494083832334,10.52301375031003
1000,SED,Grp_003_SED_X001_Y000.png,1.6421283013380499,1.645301513253012,9.725652981374118
1000,SED,Grp_003_SED_X001_Y001.png,1.6437920527674943,1.645301513253012,8.375346545095699
1000,SED,Grp_003_SED_X001_Y002.png,1.6527669112868562,1.6552730375757574,10.059814448387792
1000,SED,Grp_003_SED_X001_Y003.png,1.6446585665071043,1.645301513253012,9.865594213454115
1000,SED,Grp_003_SED_X001_Y004.png,1.6417169763923918,1.645301513253012,9.079050665064676
1000,SED,Grp_003_SED_X001_Y005.png,1.6420909088138023,1.645301513253012,9.364601291856573
1000,SED,Grp_003_SED_X001_Y006.png,1.639277433965487,1.6354494083832334,8.923514266915962
1000,SED,Grp_003_SED_X001_Y007.png,1.6408030075232307,1.645301513253012,10.530559386087731
1000,SED,Grp_003_SED_X002_Y000.png,1.6488607944283926,1.645301513253012,9.034615740978976
1000,SED,Grp_003_SED_X002_Y001.png,1.6457985078782247,1.645301513253012,9.697832252397724
1000,SED,Grp_003_SED_X002_Y002.png,1.638730396320323,1.6354494083832334,10.076953209646653
1000,SED,Grp_003_SED_X002_Y003.png,1.6453082762595401,1.645301513253012,8.085627159730837
1000,SED,Grp_003_SED_X002_Y004.png,1.6459383939481433,1.645301513253012,9.880171942569616
1000,SED,Grp_003_SED_X002_Y005.png,1.6392252280481798,1.6354494083832334,9.222320802167157
1000,SED,Grp_003_SED_X002_Y006.png,1.6411949358587272,1.645301513253012,8.960461298344685
1000,SED,Grp_003_SED_X002_Y007.png,1.6395683887540426,1.6354494083832334,8.43477858077446
1000,SED,Grp_003_SED_X003_Y000.png,1.6485539790728518,1.645301513253012,9.907294997253143
1000,SED,Grp_003_SED_X003_Y001.png,1.6498271730287255,1.645301513253012,10.482230747628694
1000,SED,Grp_003_SED_X003_Y002.png,1.6454026769800665,1.645301513253012,9.338267680622518
1000,SED,Grp_003_SED_X003_Y003.png,1.64321214681867,1.645301513253012,10.062403258128397
1000,SED,Grp_003_SED_X003_Y004.png,1.6404570104420912,1.645301513253012,8.636169574095154
1000,SED,Grp_003_SED_X003_Y005.png,1.647425032730915,1.645301513253012,8.835030127727645
1000,SED,Grp_003_SED_X003_Y006.png,1.6405312217095966,1.645301513253012,9.75302971624866
1000,SED,Grp_003_SED_X003_Y007.png,1.639067239092287,1.6354494083832334,8.74225172793644
1000,SED,Grp_003_SED_X004_Y000.png,1.6451278872492254,1.645301513253012,9.881471370887919
1000,SED,Grp_003_SED_X004_Y001.png,1.6408265087364236,1.645301513253012,9.15456179035513
1000,SED,Grp_003_SED_X004_Y002.png,1.6429936430736336,1.645301513253012,8.587275404749581
1000,SED,Grp_003_SED_X004_Y003.png,1.6487236418117497,1.645301513253012,9.083272818831988
1000,SED,Grp_003_SED_X004_Y004.png,1.6420068709620634,1.645301513253012,10.222117716278161
1000,SED,Grp_003_SED_X004_Y005.png,1.6397689357488638,1.6354494083832334,9.98897237759182
1000,SED,Grp_003_SED_X004_Y006.png,1.6340877604106803,1.6354494083832334,8.781805950224339
1000,SED,Grp_003_SED_X004_Y007.png,1.6425486436555414,1.645301513253012,9.293598229003026
1000,SED,Grp_003_SED_X005_Y000.png,1.6431579075623568,1.645301513253012,8.764587364664466
1000,SED,Grp_003_SED_X005_Y001.png,1.644297857957597,1.645301513253012,9.248536721949437
1000,SED,Grp_003_SED_X005_Y002.png,1.6439290244736613,1.645301513253012,10.2105036615531
1000,SED,Grp_003_SED_X005_Y003.png,1.6404183168371251,1.645301513253012,9.570109618739217
1000,SED,Grp_003_SED_X005_Y004.png,1.643913363741412,1.645301513253012,9.53626912560118
1000,SED,Grp_003_SED_X005_Y005.png,1.6388172997760269,1.6354494083832334,9.544326948836636
1000,SED,Grp_003_SED_X005_Y006.png,1.6421355687853403,1.645301513253012,8.930681595938935
1000,SED,Grp_003_SED_X005_Y007.png,1.6425663830961372,1.645301513253012,10.25708939874387
1000,SED,Grp_003_SED_X006_Y000.png,1.6427281030561531,1.645301513253012,9.948523323176806
1000,SED,Grp_003_SED_X006_Y001.png,1.6413086930478213,1.645301513253012,9.408091435275912
1000,SED,Grp_003_SED_X006_Y002.png,1.6407186190148775,1.645301513253012,8.746325925515372
1000,SED,Grp_003_SED_X006_Y003.png,1.6407777006881528,1.645301513253012,9.116126201044096
1000,SED,Grp_003_SED_X006_Y004.png,1.6385432318772672,1.6354494083832334,9.464039998509175
1000,SED,Grp_003_SED_X006_Y005.png,1.6424865101715,1.645301513253012,10.83582915585303
1000,SED,Grp_003_SED_X006_Y006.png,1.6395975179545188,1.6354494083832334,10.250053519705958
1000,SED,Grp_003_SED_X006_Y007.png,1.6416050242587221,1.645301513253012,9.57408701558896
1000,SED,Grp_003_SED_X007_Y000.png,1.6469386401477726,1.645301513253012,9.280419830543861
1000,SED,Grp_003_SED_X007_Y001.png,1.645817484007364,1.645301513253012,9.471876460507326
1000,SED,Grp_003_SED_X007_Y002.png,1.641820361379164,1.645301513253012,9.31883773307957
1000,SED,Grp_003_SED_X007_Y003.png,1.642326149755723,1.645301513253012,10.146241254343595
1000,SED,Grp_003_SED_X007_Y004.png,1.6429239710628756,1.645301513253012,10.502883870445535
1000,SED,Grp_003_SED_X007_Y005.png,1.6416417431513814,1.645301513253012,10.555994770342837
1000,SED,Grp_003_SED_X007_Y006.png,1.6424309420780001,1.645301513253012,9.319532470623294
1000,SED,Grp_003_SED_X007_Y007.png,1.6420613387542304,1.645301513253012,9.409322216388807
1000,BED-S,Grp_003_BED-S_X000_Y000.png,1.6491118421619015,1.645301513253012,10.102883269594516
1000,BED-S,Grp_003_BED-S_X000_Y001.png,1.6505776970747932,1.6552730375757574,9.363608540858278
1000,BED-S,Grp_003_BED-S_X000_Y002.png,1.6437687312828804,1.645301513253012,9.784338331486985
1000,BED-S,Grp_003_BED-S_X000_Y003.png,1.6445682190444078,1.645301513253012,8.80030969157911
1000,BED-S,Grp_003_BED-S_X000_Y004.png,1.6434979261806195,1.645301513253012,8.615534560715044
1000,BED-S,Grp_003_BED-S_X000_Y005.png,1.6423275604678549,1.645301513253012,9.800214030835601
1000,BED-S,Grp_003_BED-S_X000_Y006.png,1.6443579637459684,1.645301513253012,8.809726105128412
1000,BED-S,Grp_003_BED-S_X000_Y007.png,1.6361125106837884,1.6354494083832334,9.721401098966252
1000,BED-S,Grp_003_BED-S_X001_Y000.png,1.6447488528401435,1.645301513253012,10.050744791825249
1000,BED-S,Grp_003_BED-S_X001_Y001.png,1.640644164899319,1.645301513253012,8.084140997198547
1000,BED-S,Grp_003_BED-S_X001_Y002.png,1.649335091716102,1.645301513253012,9.975447309877161
1000,BED-S,Grp_003_BED-S_X001_Y003.png,1.6414009879355558,1.645301513253012,9.446483617176485
1000,BED-S,Grp_003_BED-S_X001_Y004.png,1.6395989634747161,1.6354494083832334,8.00602261095736
1000,BED-S,Grp_003_BED-S_X001_Y005.png,1.6391891284709548,1.6354494083832334,9.40708169386607
1000,BED-S,Grp_003_BED-S_X001_Y006.png,1.641839286116904,1.645301513253012,9.819390765352239
1000,BED-S,Grp_003_BED-S_X001_Y007.png,1.6427606844955904,1.645301513253012,9.037085365290375
1000,BED-S,Grp_003_BED-S_X002_Y000.png,1.6457782342559948,1.645301513253012,10.289842374258683
1000,BED-S,Grp_003_BED-S_X002_Y001.png,1.6425082007103116,1.645301513253012,9.36711050482389
1000,BED-S,Grp_003_BED-S_X002_Y002.png,1.640966072638734,1.645301513253012,10.026724477203944
1000,BED-S,Grp_003_BED-S_X002_Y003.png,1.647922429287729,1.645301513253012,8.300895527405698
1000,BED-S,Grp_003_BED-S_X002_Y004.png,1.6436676918035675,1.645301513253012,9.609560945271346
1000,BED-S,Grp_003_BED-S_X002_Y005.png,1.639938026848507,1.6354494083832334,9.34843709895494
1000,BED-S,Grp_003_BED-S_X002_Y006.png,1.6424565055239728,1.645301513253012,9.569897718700135
1000,BED-S,Grp_003_BED-S_X002_Y007.png,1.6379996318717114,1.6354494083832334,8.904710358828945
1000,BED-S,Grp_003_BED-S_X003_Y000.png,1.6450138007603543,1.645301513253012,9.468188347803524
1000,BED-S,Grp_003_BED-S_X003_Y001.png,1.6490176248021622,1.645301513253012,9.462701134236376
1000,BED-S,Grp_003_BED-S_X003_Y002.png,1.648471351181521,1.645301513253012,9.525459921045897
1000,BED-S,Grp_003_BED-S_X003_Y003.png,1.6414972566323183,1.645301513253012,10.325159625606926
1000,BED-S,Grp_003_BED-S_X003_Y004.png,1.6393793632624736,1.6354494083832334,9.045350715558547
1000,BED-S,Grp_003_BED-S_X003_Y005.png,1.6479743793117545,1.645301513253012,8.331943284841016
1000,BED-S,Grp_003_BED-S_X003_Y006.png,1.6406183054598997,1.645301513253012,9.783582754243293
1000,BED-S,Grp_003_BED-S_X003_Y007.png,1.6381458377931521,1.6354494083832334,9.103367238205841
1000,BED-S,Grp_003_BED-S_X004_Y000.png,1.6477697723564018,1.645301513253012,9.65398030758511
1000,BED-S,Grp_003_BED-S_X004_Y001.png,1.640748482317921,1.645301513253012,8.678143120705625
1000,BED-S,Grp_003_BED-S_X004_Y002.png,1.6406559920462938,1.645301513253012,5.644566762452212
1000,BED-S,Grp_003_BED-S_X004_Y003.png,1.646155811616171,1.645301513253012,8.414180207682787
1000,BED-S,Grp_003_BED-S_X004_Y004.png,1.6415613584481665,1.645301513253012,10.438140802947316
1000,BED-S,Grp_003_BED-S_X004_Y005.png,1.6415794355874573,1.645301513253012,10.430783336171276
1000,BED-S,Grp_003_BED-S_X004_Y006.png,1.6333532715657064,1.6354494083832334,9.002147259415995
1000,BED-S,Grp_003_BED-S_X004_Y007.png,1.6403106960027696,1.6354494083832334,9.101022850819199
1000,BED-S,Grp_003_BED-S_X005_Y000.png,1.6445348563606725,1.645301513253012,9.651896745505358
1000,BED-S,Grp_003_BED-S_X005_Y001.png,1.6399361163043074,1.6354494083832334,9.519674303901532
1000,BED-S,Grp_003_BED-S_X005_Y002.png,1.6399415358709875,1.6354494083832334,9.955452935573671
1000,BED-S,Grp_003_BED-S_X005_Y003.png,1.642187018309129,1.645301513253012,9.983822405924325
1000,BED-S,Grp_003_BED-S_X005_Y004.png,1.647620883440123,1.645301513253012,10.008097051454316
1000,BED-S,Grp_003_BED-S_X005_Y005.png,1.640167317547249,1.6354494083832334,9.325783645991025
1000,BED-S,Grp_003_BED-S_X005_Y006.png,1.637918898800598,1.6354494083832334,9.26056098545033
1000,BED-S,Grp_003_BED-S_X005_Y007.png,1.6456896324795458,1.645301513253012,9.750975991916265
1000,BED-S,Grp_003_BED-S_X006_Y000.png,1.64396601246725,1.645301513253012,9.49610484732815
1000,BED-S,Grp_003_BED-S_X006_Y001.png,1.6420274128934123,1.645301513253012,9.926165911981256
1000,BED-S,Grp_003_BED-S_X006_Y002.png,1.6486341151765669,1.645301513253012,9.343411070441002
1000,BED-S,Grp_003_BED-S_X006_Y003.png,1.6396601415444694,1.6354494083832334,10.03211350232367
1000,BED-S,Grp_003_BED-S_X006_Y004.png,1.6358117109605956,1.6354494083832334,9.595576425807858
1000,BED-S,Grp_003_BED-S_X006_Y005.png,1.6416361415521463,1.645301513253012,8.872674193484883
1000,BED-S,Grp_003_BED-S_X006_Y006.png,1.6402783792304787,1.6354494083832334,10.104710960929054
1000,BED-S,Grp_003_BED-S_X006_Y007.png,1.6415913623811438,1.645301513253012,10.31019628387069
1000,BED-S,Grp_003_BED-S_X007_Y000.png,1.6425890083242445,1.645301513253012,9.105592237577046
1000,BED-S,Grp_003_BED-S_X007_Y001.png,1.6439906703269496,1.645301513253012,8.834724156766683
1000,BED-S,Grp_003_BED-S_X007_Y002.png,1.6421387760154684,1.645301513253012,9.623282312072346
1000,BED-S,Grp_003_BED-S_X007_Y003.png,1.6444980878189521,1.645301513253012,9.563772334622538
1000,BED-S,Grp_003_BED-S_X007_Y004.png,1.640284692257786,1.6354494083832334,10.207209908519657
1000,BED-S,Grp_003_BED-S_X007_Y005.png,1.6401513799213274,1.6354494083832334,9.347795698490895
1000,BED-S,Grp_003_BED-S_X007_Y006.png,1.644851380806809,1.645301513253012,9.790792648150163
1000,BED-S,Grp_003_BED-S_X007_Y007.png,1.6421341375507081,1.645301513253012,9.643994801579819
750,SED,Grp_001_SED_X000_Y000.png,1.6549145725205228,1.6552730375757574,10.39479460547527
750,SED,Grp_001_SED_X000_Y001.png,1.6522995318024614,1.6552730375757574,9.792601910369129
750,SED,Grp_001_SED_X000_Y002.png,1.6483593243688908,1.645301513253012,10.432777614383403
750,SED,Grp_001_SED_X000_Y003.png,1.6535918279890574,1.6552730375757574,9.764742280498627
750,SED,Grp_001_SED_X000_Y004.png,1.6515022755010282,1.6552730375757574,9.223436247638269
750,SED,Grp_001_SED_X000_Y005.png,1.646974328530759,1.645301513253012,8.838371435092725
750,SED,Grp_001_SED_X000_Y006.png,1.6442264303324958,1.645301513253012,9.198730306197845
750,SED,Grp_001_SED_X000_Y007.png,1.6446686748197699,1.645301513253012,9.819993134009998
750,SED,Grp_001_SED_X000_Y008.png,1.6509519320664119,1.6552730375757574,9.07684695092819
750,SED,Grp_001_SED_X000_Y009.png,1.6439268252755435,1.645301513253012,9.41667528889087
750,SED,Grp_001_SED_X001_Y000.png,1.6471788921930401,1.645301513253012,8.854202851415904
750,SED,Grp_001_SED_X001_Y001.png,1.6563231928875166,1.6552730375757574,10.210974351877445
750,SED,Grp_001_SED_X001_Y002.png,1.6505749144131203,1.6552730375757574,10.59898758969952
750,SED,Grp_001_SED_X001_Y003.png,1.6457251219411215,1.645301513253012,10.046706628659122
750,SED,Grp_001_SED_X001_Y004.png,1.65285836464144,1.6552730375757574,8.838576197981347
750,SED,Grp_001_SED_X001_Y005.png,1.6510484367641198,1.6552730375757574,8.966824881643067
750,SED,Grp_001_SED_X001_Y006.png,1.6474829328249785,1.645301513253012,9.749102939670543
750,SED,Grp_001_SED_X001_Y007.png,1.643729136440522,1.645301513253012,9.186361974954488
750,SED,Grp_001_SED_X001_Y008.png,1.643559177324794,1.645301513253012,8.886675919210322
750,SED,Grp_001_SED_X001_Y009.png,1.6452735279724828,1.645301513253012,9.629829366315693
750,SED,Grp_001_SED_X002_Y000.png,1.6479424578546586,1.645301513253012,8.496195685655058
750,SED,Grp_001_SED_X002_Y001.png,1.6476540656794627,1.645301513253012,9.467777333165833
750,SED,Grp_001_SED_X002_Y002.png,1.6516337488105155,1.6552730375757574,9.348655590296149
750,SED,Grp_001_SED_X002_Y003.png,1.6580794988969945,1.6552730375757574,9.020664069056584
750,SED,Grp_001_SED_X002_Y004.png,1.6473839610766456,1.645301513253012,10.327785728567672
750,SED,Grp_001_SED_X002_Y005.png,1.6476159363026286,1.645301513253012,9.683737936602114
750,SED,Grp_001_SED_X002_Y006.png,1.6482017697050089,1.645301513253012,9.90117591159406
750,SED,Grp_001_SED_X002_Y007.png,1.6439716945122087,1.645301513253012,9.23158559499579
750,SED,Grp_001_SED_X002_Y008.png,1.6438427610759498,1.645301513253012,8.90500711283109
750,SED,Grp_001_SED_X002_Y009.png,1.6452510576721935,1.645301513253012,9.63277450796854
750,SED,Grp_001_SED_X003_Y000.png,1.6499413787538337,1.645301513253012,8.92151255891045
750,SED,Grp_001_SED_X003_Y001.png,1.6500728344511122,1.645301513253012,8.908036273576094
750,SED,Grp_001_SED_X003_Y002.png,1.6493842158762564,1.645301513253012,10.179015129462526
750,SED,Grp_001_SED_X003_Y003.png,1.647053365991907,1.645301513253012,10.18175880750142
750,SED,Grp_001_SED_X003_Y004.png,1.6463388791501345,1.645301513253012,9.297076683587463
750,SED,Grp_001_SED_X003_Y005.png,1.6512683018957979,1.6552730375757574,10.914530190779933
750,SED,Grp_001_SED_X003_Y006.png,1.6496867251442369,1.645301513253012,9.009434858645971
750,SED,Grp_001_SED_X003_Y007.png,1.649047458023963,1.645301513253012,9.211876901681501
750,SED,Grp_001_SED_X003_Y008.png,1.6435631028638669,1.645301513253012,8.650967310539578
750,SED,Grp_001_SED_X003_Y009.png,1.642998152824741,1.645301513253012,8.604735869222168
750,SED,Grp_001_SED_X004_Y000.png,1.6498659903091482,1.645301513253012,8.766178799495647
750,SED,Grp_001_SED_X004_Y001.png,1.6491618937679966,1.645301513253012,9.393811692353216
750,SED,Grp_001_SED_X004_Y002.png,1.6493663743053013,1.645301513253012,8.855339312924423
750,SED,Grp_001_SED_X004_Y003.png,1.6490209891003036,1.645301513253012,10.563947683958016
750,SED,Grp_001_SED_X004_Y004.png,1.6515228956603762,1.6552730375757574,10.262226163060244
750,SED,Grp_001_SED_X004_Y005.png,1.6463124495409274,1.645301513253012,10.46287153920698
750,SED,Grp_001_SED_X004_Y006.png,1.646668461063485,1.645301513253012,8.077810812732068
750,SED,Grp_001_SED_X004_Y007.png,1.6495073515893663,1.645301513253012,10.299771721129007
750,SED,Grp_001_SED_X004_Y008.png,1.6446142399925108,1.645301513253012,9.808042482464359
750,SED,Grp_001_SED_X004_Y009.png,1.6460793593508032,1.645301513253012,9.315564495669387
750,SED,Grp_001_SED_X005_Y000.png,1.653772572368854,1.6552730375757574,9.330930590140506
750,SED,Grp_001_SED_X005_Y001.png,1.653367346852262,1.6552730375757574,8.98708001582634
750,SED,Grp_001_SED_X005_Y002.png,1.648824783074194,1.645301513253012,8.690841205349388
750,SED,Grp_001_SED_X005_Y003.png,1.648369533910877,1.645301513253012,7.401298462432953
750,SED,Grp_001_SED_X005_Y004.png,1.650258465152924,1.645301513253012,10.255037649301782
750,SED,Grp_001_SED_X005_Y005.png,1.6497103538301852,1.645301513253012,9.933870876050644
750,SED,Grp_001_SED_X005_Y006.png,1.6464491784063222,1.645301513253012,10.27164222817219
750,SED,Grp_001_SED_X005_Y007.png,1.6442296066278645,1.645301513253012,10.769231680576247
750,SED,Grp_001_SED_X005_Y008.png,1.6448131559410262,1.645301513253012,7.760395734492549
750,SED,Grp_001_SED_X005_Y009.png,1.6495425381371045,1.645301513253012,9.273417172642818
750,SED,Grp_001_SED_X006_Y000.png,1.6508051690740242,1.6552730375757574,9.316671290321038
750,SED,Grp_001_SED_X006_Y001.png,1.6499342400158,1.645301513253012,10.368674217582326
750,SED,Grp_001_SED_X006_Y002.png,1.6494972245696482,1.645301513253012,9.465325833571422
750,SED,Grp_001_SED_X006_Y003.png,1.6468779526925332,1.645301513253012,9.836047642621388
750,SED,Grp_001_SED_X006_Y004.png,1.644683074561768,1.645301513253012,8.971465531002048
750,SED,Grp_001_SED_X006_Y005.png,1.65332305934675,1.6552730375757574,8.32566027347405
750,SED,Grp_001_SED_X006_Y006.png,1.6514584568292627,1.6552730375757574,8.340834948923833
750,SED,Grp_001_SED_X006_Y007.png,1.6486417904768866,1.645301513253012,10.038660412085225
750,SED,Grp_001_SED_X006_Y008.png,1.6429692756303402,1.645301513253012,10.410637937678999
750,SED,Grp_001_SED_X006_Y009.png,1.6443437854510623,1.645301513253012,10.34986172853432
750,SED,Grp_001_SED_X007_Y000.png,1.65356356444834,1.6552730375757574,10.542360920558135
750,SED,Grp_001_SED_X007_Y001.png,1.651153207867541,1.6552730375757574,10.514836755066716
750,SED,Grp_001_SED_X007_Y002.png,1.6493089403981194,1.645301513253012,9.323682874770986
750,SED,Grp_001_SED_X007_Y003.png,1.6492197492570757,1.645301513253012,10.265718488062053
750,SED,Grp_001_SED_X007_Y004.png,1.6470102012601238,1.645301513253012,9.17768470787972
750,SED,Grp_001_SED_X007_Y005.png,1.6380314213075007,1.6354494083832334,8.870305817195486
750,SED,Grp_001_SED_X007_Y006.png,1.6445072572027957,1.645301513253012,9.696215899499766
750,SED,Grp_001_SED_X007_Y007.png,1.6469229420692164,1.645301513253012,9.957163402829382
750,SED,Grp_001_SED_X007_Y008.png,1.6461566399841348,1.645301513253012,10.107725192271621
750,SED,Grp_001_SED_X007_Y009.png,1.6449997381766268,1.645301513253012,10.606551103999664
750,SED,Grp_001_SED_X008_Y000.png,1.6510740523360359,1.6552730375757574,10.212955335243164
750,SED,Grp_001_SED_X008_Y001.png,1.6514372141978182,1.6552730375757574,9.708509433361458
750,SED,Grp_001_SED_X008_Y002.png,1.6481594850763202,1.645301513253012,10.48008331272878
750,SED,Grp_001_SED_X008_Y003.png,1.6517375894246336,1.6552730375757574,8.72460444755375
750,SED,Grp_001_SED_X008_Y004.png,1.6477992741270557,1.645301513253012,10.315262358215586
750,SED,Grp_001_SED_X008_Y005.png,1.6450832296571063,1.645301513253012,9.137146488992588
750,SED,Grp_001_SED_X008_Y006.png,1.6465119012134408,1.645301513253012,9.66500523070039
750,SED,Grp_001_SED_X008_Y007.png,1.6425293033832535,1.645301513253012,9.560034052160209
750,SED,Grp_001_SED_X008_Y008.png,1.645946586105049,1.645301513253012,9.182713541065239
750,SED,Grp_001_SED_X008_Y009.png,1.6459295280955482,1.645301513253012,9.68677781251919
750,SED,Grp_001_SED_X009_Y000.png,1.649476403491194,1.645301513253012,9.327042259417993
750,SED,Grp_001_SED_X009_Y001.png,1.6503513234324576,1.6552730375757574,10.303207358053196
750,SED,Grp_001_SED_X009_Y002.png,1.6510363911702233,1.6552730375757574,10.344565782529134
750,SED,Grp_001_SED_X009_Y003.png,1.6508797779617832,1.6552730375757574,8.775157376441049
750,SED,Grp_001_SED_X009_Y004.png,1.6466228458239696,1.645301513253012,9.726096000638845
750,SED,Grp_001_SED_X009_Y005.png,1.6455913932981017,1.645301513253012,9.794039272536786
750,SED,Grp_001_SED_X009_Y006.png,1.6436186671079038,1.645301513253012,8.419707688321786
750,SED,Grp_001_SED_X009_Y007.png,1.642116943300784,1.645301513253012,9.65068663135472
750,SED,Grp_001_SED_X009_Y008.png,1.642412934686953,1.645301513253012,9.353053044740212
750,SED,Grp_001_SED_X009_Y009.png,1.6475623050998622,1.645301513253012,9.679891882836841
750,BED-S,Grp_001_BED-S_X000_Y000.png,1.6553435902504365,1.6552730375757574,10.232366636926413
750,BED-S,Grp_001_BED-S_X000_Y001.png,1.6507842104550934,1.6552730375757574,10.300131940915854
750,BED-S,Grp_001_BED-S_X000_Y002.png,1.6542118149708283,1.6552730375757574,9.068312843561548
750,BED-S,Grp_001_BED-S_X000_Y003.png,1.6552989085299545,1.6552730375757574,9.47419987676219
750,BED-S,Grp_001_BED-S_X000_Y004.png,1.6516366767145125,1.6552730375757574,10.221630487233464
750,BED-S,Grp_001_BED-S_X000_Y005.png,1.6485649665342035,1.645301513253012,8.612003781065168
750,BED-S,Grp_001_BED-S_X000_Y006.png,1.6441241628455878,1.645301513253012,9.334936001222271
750,BED-S,Grp_001_BED-S_X000_Y007.png,1.6474049486874531,1.645301513253012,8.280598957906637
750,BED-S,Grp_001_BED-S_X000_Y008.png,1.6503630686338444,1.6552730375757574,8.181995627894661
750,BED-S,Grp_001_BED-S_X000_Y009.png,1.6438724105454305,1.645301513253012,9.572169771692606
750,BED-S,Grp_001_BED-S_X001_Y000.png,1.6460047226836945,1.645301513253012,9.941685326866939
750,BED-S,Grp_001_BED-S_X001_Y001.png,1.6561872961292852,1.6552730375757574,9.220129973184507
750,BED-S,Grp_001_BED-S_X001_Y002.png,1.6560016465011278,1.6552730375757574,9.44772848823667
750,BED-S,Grp_001_BED-S_X001_Y003.png,1.648078543599022,1.645301513253012,10.202910632157234
750,BED-S,Grp_001_BED-S_X001_Y004.png,1.6529784893951733,1.6552730375757574,9.60342907107312
750,BED-S,Grp_001_BED-S_X001_Y005.png,1.6509604540248772,1.6552730375757574,9.123058037152166
750,BED-S,Grp_001_BED-S_X001_Y006.png,1.6474194845642351,1.645301513253012,9.158509385226054
750,BED-S,Grp_001_BED-S_X001_Y007.png,1.6465912560306402,1.645301513253012,9.049239104353601
750,BED-S,Grp_001_BED-S_X001_Y008.png,1.6473921771081237,1.645301513253012,10.531814043236905
750,BED-S,Grp_001_BED-S_X001_Y009.png,1.6442168660533611,1.645301513253012,10.920227170027465
750,BED-S,Grp_001_BED-S_X002_Y000.png,1.6546817394891062,1.6552730375757574,9.162783272953805
750,BED-S,Grp_001_BED-S_X002_Y001.png,1.6466641644423858,1.645301513253012,9.30164757011308
750,BED-S,Grp_001_BED-S_X002_Y002.png,1.6460162056007628,1.645301513253012,9.451850091739514
750,BED-S,Grp_001_BED-S_X002_Y003.png,1.6566155716969588,1.6552730375757574,9.292519724531893
750,BED-S,Grp_001_BED-S_X002_Y004.png,1.650206888307693,1.645301513253012,9.984105218485485
750,BED-S,Grp_001_BED-S_X002_Y005.png,1.648307605380924,1.645301513253012,9.915267894030064
750,BED-S,Grp_001_BED-S_X002_Y006.png,1.6432179668866247,1.645301513253012,9.473664257202378
750,BED-S,Grp_001_BED-S_X002_Y007.png,1.6405396403659778,1.645301513253012,9.132805267766955
750,BED-S,Grp_001_BED-S_X002_Y008.png,1.6443641525696648,1.645301513253012,9.968029457593593
750,BED-S,Grp_001_BED-S_X002_Y009.png,1.6454958282473957,1.645301513253012,8.880166496432219
750,BED-S,Grp_001_BED-S_X003_Y000.png,1.6513235736102156,1.6552730375757574,9.630665050706224
750,BED-S,Grp_001_BED-S_X003_Y001.png,1.6497108140921106,1.645301513253012,8.772740797070268
750,BED-S,Grp_001_BED-S_X003_Y002.png,1.646826192860171,1.645301513253012,10.143448538892939
750,BED-S,Grp_001_BED-S_X003_Y003.png,1.647623591640005,1.645301513253012,10.152938196928769
750,BED-S,Grp_001_BED-S_X003_Y004.png,1.6508151005300273,1.6552730375757574,8.780458576755407
750,BED-S,Grp_001_BED-S_X003_Y005.png,1.6515102497992815,1.6552730375757574,10.475265855732125
750,BED-S,Grp_001_BED-S_X003_Y006.png,1.6441024162330178,1.645301513253012,9.066089749925041
750,BED-S,Grp_001_BED-S_X003_Y007.png,1.6498976004000008,1.645301513253012,10.285576282363586
750,BED-S,Grp_001_BED-S_X003_Y008.png,1.6431837203617465,1.645301513253012,9.0101970727151
750,BED-S,Grp_001_BED-S_X003_Y009.png,1.6427815447728502,1.645301513253012,9.149581691064943
750,BED-S,Grp_001_BED-S_X004_Y000.png,1.650643391488269,1.6552730375757574,9.151466272878185
750,BED-S,Grp_001_BED-S_X004_Y001.png,1.6507671103759225,1.6552730375757574,8.735335927112926
750,BED-S,Grp_001_BED-S_X004_Y002.png,1.6537932458046163,1.6552730375757574,8.60027925406289
750,BED-S,Grp_001_BED-S_X004_Y003.png,1.6517522051972753,1.6552730375757574,8.78174057648204
750,BED-S,Grp_001_BED-S_X004_Y004.png,1.6526951508893188,1.6552730375757574,9.272632700366895
750,BED-S,Grp_001_BED-S_X004_Y005.png,1.6451469333933844,1.645301513253012,10.764500560797277
750,BED-S,Grp_001_BED-S_X004_Y006.png,1.647019854236978,1.645301513253012,9.025372449780985
750,BED-S,Grp_001_BED-S_X004_Y007.png,1.6519698284430884,1.6552730375757574,9.651525636932641
750,BED-S,Grp_001_BED-S_X004_Y008.png,1.643245058546699,1.645301513253012,8.90346286528074
750,BED-S,Grp_001_BED-S_X004_Y009.png,1.6421713080327396,1.645301513253012,9.048186579795107
750,BED-S,Grp_001_BED-S_X005_Y000.png,1.6503574894428334,1.6552730375757574,8.84674403894797
750,BED-S,Grp_001_BED-S_X005_Y001.png,1.654305054604571,1.6552730375757574,9.376799245443102
750,BED-S,Grp_001_BED-S_X005_Y002.png,1.6496634700429553,1.645301513253012,9.014492238068033
750,BED-S,Grp_001_BED-S_X005_Y003.png,1.6454724314819655,1.645301513253012,5.42400720205067
750,BED-S,Grp_001_BED-S_X005_Y004.png,1.65003462264644,1.645301513253012,10.920957999626655
750,BED-S,Grp_001_BED-S_X005_Y005.png,1.649471862953615,1.645301513253012,9.508591589645972
750,BED-S,Grp_001_BED-S_X005_Y006.png,1.6505866700522716,1.6552730375757574,9.019411012320422
750,BED-S,Grp_001_BED-S_X005_Y007.png,1.6432016137749736,1.645301513253012,10.345314746821725
750,BED-S,Grp_001_BED-S_X005_Y008.png,1.6413976304276194,1.645301513253012,8.177795677627191
750,BED-S,Grp_001_BED-S_X005_Y009.png,1.6501086641458946,1.645301513253012,9.561454710797696
750,BED-S,Grp_001_BED-S_X006_Y000.png,1.6491946731011982,1.645301513253012,10.293075395445669
750,BED-S,Grp_001_BED-S_X006_Y001.png,1.650388307200891,1.6552730375757574,10.621342094628787
750,BED-S,Grp_001_BED-S_X006_Y002.png,1.6482735716720496,1.645301513253012,8.864669332563077
750,BED-S,Grp_001_BED-S_X006_Y003.png,1.6447287103515507,1.645301513253012,9.867905194636364
750,BED-S,Grp_001_BED-S_X006_Y004.png,1.6501872967440494,1.645301513253012,9.134457623924494
750,BED-S,Grp_001_BED-S_X006_Y005.png,1.6522481580091601,1.6552730375757574,7.965920867471808
750,BED-S,Grp_001_BED-S_X006_Y006.png,1.647726420368949,1.645301513253012,9.80847270619506
750,BED-S,Grp_001_BED-S_X006_Y007.png,1.6492628437806842,1.645301513253012,8.211907050783404
750,BED-S,Grp_001_BED-S_X006_Y008.png,1.6479104334516244,1.645301513253012,9.4610831105212
750,BED-S,Grp_001_BED-S_X006_Y009.png,1.6450520977991903,1.645301513253012,10.096900608647177
750,BED-S,Grp_001_BED-S_X007_Y000.png,1.655359332302498,1.6552730375757574,10.876634293777093
750,BED-S,Grp_001_BED-S_X007_Y001.png,1.6506774154123283,1.6552730375757574,10.114186800114915
750,BED-S,Grp_001_BED-S_X007_Y002.png,1.6471508128037546,1.645301513253012,8.93226092666554
750,BED-S,Grp_001_BED-S_X007_Y003.png,1.6534730308165062,1.6552730375757574,9.861876879976936
750,BED-S,Grp_001_BED-S_X007_Y004.png,1.6491786086067157,1.645301513253012,9.467878216991089
750,BED-S,Grp_001_BED-S_X007_Y005.png,1.6395745549829859,1.6354494083832334,8.77480993894582
750,BED-S,Grp_001_BED-S_X007_Y006.png,1.6438758358144223,1.645301513253012,10.19788171954272
750,BED-S,Grp_001_BED-S_X007_Y007.png,1.6452363270052464,1.645301513253012,9.996574453833688
750,BED-S,Grp_001_BED-S_X007_Y008.png,1.6483054857591546,1.645301513253012,9.164385059635432
750,BED-S,Grp_001_BED-S_X007_Y009.png,1.6464542181960748,1.645301513253012,10.382618681739245
750,BED-S,Grp_001_BED-S_X008_Y000.png,1.649198335951065,1.645301513253012,10.301296881758129
750,BED-S,Grp_001_BED-S_X008_Y001.png,1.6540148751344186,1.6552730375757574,8.550519383004698
750,BED-S,Grp_001_BED-S_X008_Y002.png,1.6466126230479166,1.645301513253012,10.144925096212738
750,BED-S,Grp_001_BED-S_X008_Y003.png,1.6497661809864845,1.645301513253012,9.464889447540246
750,BED-S,Grp_001_BED-S_X008_Y004.png,1.6441569681822112,1.645301513253012,9.22316673867757
750,BED-S,Grp_001_BED-S_X008_Y005.png,1.6454653101200256,1.645301513253012,9.788866690774334
750,BED-S,Grp_001_BED-S_X008_Y006.png,1.6499719579884498,1.645301513253012,9.699874995954413
750,BED-S,Grp_001_BED-S_X008_Y007.png,1.6436518099326416,1.645301513253012,9.171331814852872
750,BED-S,Grp_001_BED-S_X008_Y008.png,1.6422780598916926,1.645301513253012,9.540867677792427
750,BED-S,Grp_001_BED-S_X008_Y009.png,1.646527402481756,1.645301513253012,9.094983513705026
750,BED-S,Grp_001_BED-S_X009_Y000.png,1.6520173811412897,1.6552730375757574,9.827675774314448
750,BED-S,Grp_001_BED-S_X009_Y001.png,1.6453627803368436,1.645301513253012,9.89886901844798
750,BED-S,Grp_001_BED-S_X009_Y002.png,1.6542835330609529,1.6552730375757574,9.378872604243911
750,BED-S,Grp_001_BED-S_X009_Y003.png,1.6515910386717054,1.6552730375757574,9.542574634733839
750,BED-S,Grp_001_BED-S_X009_Y004.png,1.645286252355854,1.645301513253012,9.430231022289622
750,BED-S,Grp_001_BED-S_X009_Y005.png,1.6463853598898552,1.645301513253012,9.421117203917277
750,BED-S,Grp_001_BED-S_X009_Y006.png,1.6430878929551196,1.645301513253012,8.737886517400721
750,BED-S,Grp_001_BED-S_X009_Y007.png,1.6445970168984163,1.645301513253012,8.911976676616185
750,BED-S,Grp_001_BED-S_X009_Y008.png,1.645883128401632,1.645301513253012,8.925483467833761
750,BED-S,Grp_001_BED-S_X009_Y009.png,1.6414515555715499,1.645301513253012,9.307223418533063
500,SED,Grp_001_SED_X000_Y000.png,1.6525817498260325,1.6552730375757574,11.132933086408539
500,SED,Grp_001_SED_X000_Y001.png,1.6519424687498778,1.6552730375757574,8.833300983310572
500,SED,Grp_001_SED_X000_Y002.png,1.6492510043232287,1.645301513253012,9.555408223566989
500,SED,Grp_001_SED_X000_Y003.png,1.6445294301284108,1.645301513253012,9.211440353712451
500,SED,Grp_001_SED_X000_Y004.png,1.6457260885619682,1.645301513253012,9.18282462302401
500,SED,Grp_001_SED_X000_Y005.png,1.6472753296510345,1.645301513253012,10.024772784707794
500,SED,Grp_001_SED_X000_Y006.png,1.6461226786675665,1.645301513253012,9.541015746015242
500,SED,Grp_001_SED_X000_Y007.png,1.6421636819257306,1.645301513253012,9.761871892871135
500,SED,Grp_001_SED_X000_Y008.png,1.6452129689756796,1.645301513253012,9.150451675535933
500,SED,Grp_001_SED_X000_Y009.png,1.6411469432492822,1.645301513253012,9.327432861074655
500,SED,Grp_001_SED_X000_Y010.png,1.6403538231371808,1.6354494083832334,9.772082116329715
500,SED,Grp_001_SED_X000_Y011.png,1.6336452728726416,1.6354494083832334,8.809778770416248
500,SED,Grp_001_SED_X000_Y012.png,1.6357006802546632,1.6354494083832334,10.143040952222904
500,SED,Grp_001_SED_X000_Y013.png,1.6353807708370898,1.6354494083832334,8.832159759113315
500,SED,Grp_001_SED_X000_Y014.png,1.6365791393054843,1.6354494083832334,10.065823194465153
500,SED,Grp_001_SED_X001_Y000.png,1.6514644081460674,1.6552730375757574,9.893538081231146
500,SED,Grp_001_SED_X001_Y001.png,1.6478001210252495,1.645301513253012,9.846389583335068
500,SED,Grp_001_SED_X001_Y002.png,1.6486694243109448,1.645301513253012,9.346468749255186
500,SED,Grp_001_SED_X001_Y003.png,1.6481991453304758,1.645301513253012,8.45405127668588
500,SED,Grp_001_SED_X001_Y004.png,1.6441304441614197,1.645301513253012,9.243660098306956
500,SED,Grp_001_SED_X001_Y005.png,1.642211507936449,1.645301513253012,9.740309462879802
500,SED,Grp_001_SED_X001_Y006.png,1.646728620943887,1.645301513253012,9.201680360679017
500,SED,Grp_001_SED_X001_Y007.png,1.6433127280074964,1.645301513253012,9.650453862127288
500,SED,Grp_001_SED_X001_Y008.png,1.6394713974613302,1.6354494083832334,9.242998896517083
500,SED,Grp_001_SED_X001_Y009.png,1.63860950799442,1.6354494083832334,10.34265271827041
500,SED,Grp_001_SED_X001_Y010.png,1.6388260083091413,1.6354494083832334,9.280449866638337
500,SED,Grp_001_SED_X001_Y011.png,1.6405532572180725,1.645301513253012,8.422039753476229
500,SED,Grp_001_SED_X001_Y012.png,1.6368905740387856,1.6354494083832334,8.322143664028495
500,SED,Grp_001_SED_X001_Y013.png,1.6327011942683176,1.6354494083832334,9.083598109030987
500,SED,Grp_001_SED_X001_Y014.png,1.6375156289356725,1.6354494083832334,9.125064439911048
500,SED,Grp_001_SED_X002_Y000.png,1.6521901215276003,1.6552730375757574,8.71645676265711
500,SED,Grp_001_SED_X002_Y001.png,1.6545597978131912,1.6552730375757574,9.785035890445727
500,SED,Grp_001_SED_X002_Y002.png,1.649798199924548,1.645301513253012,9.654233410522925
500,SED,Grp_001_SED_X002_Y003.png,1.645680742399639,1.645301513253012,8.904180374340429
500,SED,Grp_001_SED_X002_Y004.png,1.6441793029064513,1.645301513253012,8.270128877727604
500,SED,Grp_001_SED_X002_Y005.png,1.6452930372120083,1.645301513253012,9.086880787114325
500,SED,Grp_001_SED_X002_Y006.png,1.6403532614301592,1.6354494083832334,9.589183188075891
500,SED,Grp_001_SED_X002_Y007.png,1.6409753280430903,1.645301513253012,9.715116905829248
500,SED,Grp_001_SED_X002_Y008.png,1.6471883998444479,1.645301513253012,9.056749771135989
500,SED,Grp_001_SED_X002_Y009.png,1.6414001368679425,1.645301513253012,10.302288596058823
500,SED,Grp_001_SED_X002_Y010.png,1.6381494002409978,1.6354494083832334,9.33976519654079
500,SED,Grp_001_SED_X002_Y011.png,1.642041864507575,1.645301513253012,9.22278714609662
500,SED,Grp_001_SED_X002_Y012.png,1.6400831955767967,1.6354494083832334,9.037482259151293
500,SED,Grp_001_SED_X002_Y013.png,1.6354479602464183,1.6354494083832334,8.542455840422166
500,SED,Grp_001_SED_X002_Y014.png,1.6314971479277318,1.6354494083832334,9.409891076033281
500,SED,Grp_001_SED_X003_Y000.png,1.6487134159807713,1.645301513253012,8.848767582494247
500,SED,Grp_001_SED_X003_Y001.png,1.6501374115513763,1.645301513253012,10.222051842971968
500,SED,Grp_001_SED_X003_Y002.png,1.6458889750839152,1.645301513253012,7.729009407357245
500,SED,Grp_001_SED_X003_Y003.png,1.65054763025093,1.6552730375757574,10.06914495776466
500,SED,Grp_001_SED_X003_Y004.png,1.6478834735406904,1.645301513253012,8.91207634212504
500,SED,Grp_001_SED_X003_Y005.png,1.641351780085105,1.645301513253012,9.099839895324184
500,SED,Grp_001_SED_X003_Y006.png,1.6458256033047944,1.645301513253012,9.467496202662803
500,SED,Grp_001_SED_X003_Y007.png,1.6408933435005533,1.645301513253012,9.227271105929608
500,SED,Grp_001_SED_X003_Y008.png,1.640972645184736,1.645301513253012,10.177971775757515
500,SED,Grp_001_SED_X003_Y009.png,1.6419480867520735,1.645301513253012,9.640288549036368
500,SED,Grp_001_SED_X003_Y010.png,1.6385674107480495,1.6354494083832334,10.67503458668573
500,SED,Grp_001_SED_X003_Y011.png,1.6339001830198658,1.6354494083832334,10.473689983407349
500,SED,Grp_001_SED_X003_Y012.png,1.6394786437221203,1.6354494083832334,8.84604200730011
500,SED,Grp_001_SED_X003_Y013.png,1.6372213644719318,1.6354494083832334,9.708749697495042
500,SED,Grp_001_SED_X003_Y014.png,1.6351525785526175,1.6354494083832334,9.17640435192521
500,SED,Grp_001_SED_X004_Y000.png,1.651564222900977,1.6552730375757574,9.14648843354385
500,SED,Grp_001_SED_X004_Y001.png,1.6489435731275166,1.645301513253012,9.909829759441191
500,SED,Grp_001_SED_X004_Y002.png,1.6527966783249788,1.6552730375757574,9.490999532486839
500,SED,Grp_001_SED_X004_Y003.png,1.6452635544941279,1.645301513253012,10.293690432009768
500,SED,Grp_001_SED_X004_Y004.png,1.6463774975635406,1.645301513253012,8.468625714684677
500,SED,Grp_001_SED_X004_Y005.png,1.6481447269051273,1.645301513253012,8.96125929737851
500,SED,Grp_001_SED_X004_Y006.png,1.6423533852761396,1.645301513253012,9.56450312354784
500,SED,Grp_001_SED_X004_Y007.png,1.6384111492835158,1.6354494083832334,9.117145426733808
500,SED,Grp_001_SED_X004_Y008.png,1.641010336479832,1.645301513253012,9.532106848076031
500,SED,Grp_001_SED_X004_Y009.png,1.63973374869601,1.6354494083832334,9.929804725472422
500,SED,Grp_001_SED_X004_Y010.png,1.6426596677775547,1.645301513253012,9.579513094981586
500,SED,Grp_001_SED_X004_Y011.png,1.6344073598173512,1.6354494083832334,10.20634197805916
500,SED,Grp_001_SED_X004_Y012.png,1.6367205417841653,1.6354494083832334,9.76198131405981
500,SED,Grp_001_SED_X004_Y013.png,1.6352473655485098,1.6354494083832334,9.373133732705003
500,SED,Grp_001_SED_X004_Y014.png,1.6348443349506225,1.6354494083832334,9.608042305173512
500,SED,Grp_001_SED_X005_Y000.png,1.65004094891835,1.645301513253012,9.02563603898879
500,SED,Grp_001_SED_X005_Y001.png,1.6460074882626383,1.645301513253012,8.911051807204295
500,SED,Grp_001_SED_X005_Y002.png,1.6484640277889735,1.645301513253012,10.246304996328567
500,SED,Grp_001_SED_X005_Y003.png,1.6496950855928805,1.645301513253012,9.365458442368139
500,SED,Grp_001_SED_X005_Y004.png,1.6426622056954534,1.645301513253012,11.152112554298116
500,SED,Grp_001_SED_X005_Y005.png,1.6385843795324815,1.6354494083832334,9.62238888721221
500,SED,Grp_001_SED_X005_Y006.png,1.6445691446349804,1.645301513253012,8.519022668569777
500,SED,Grp_001_SED_X005_Y007.png,1.6453353353671565,1.645301513253012,9.42923151912309
500,SED,Grp_001_SED_X005_Y008.png,1.6362095086369532,1.6354494083832334,8.941710839162562
500,SED,Grp_001_SED_X005_Y009.png,1.637978213707995,1.6354494083832334,8.587796165279304
500,SED,Grp_001_SED_X005_Y010.png,1.638754858080968,1.6354494083832334,10.324489384804009
500,SED,Grp_001_SED_X005_Y011.png,1.6408721466705924,1.645301513253012,9.646695280775333
500,SED,Grp_001_SED_X005_Y012.png,1.6382469807393003,1.6354494083832334,10.600632199432587
500,SED,Grp_001_SED_X005_Y013.png,1.6349275234045557,1.6354494083832334,10.198084358634395
500,SED,Grp_001_SED_X005_Y014.png,1.6363187833965187,1.6354494083832334,8.772934290963118
500,SED,Grp_001_SED_X006_Y000.png,1.647963578336353,1.645301513253012,9.24829543532465
500,SED,Grp_001_SED_X006_Y001.png,1.6481797599260324,1.645301513253012,9.120009719471954
500,SED,Grp_001_SED_X006_Y002.png,1.6461469177092545,1.645301513253012,8.780007374500872
500,SED,Grp_001_SED_X006_Y003.png,1.64709075271825,1.645301513253012,9.874336543755177
500,SED,Grp_001_SED_X006_Y004.png,1.6505779193925327,1.6552730375757574,9.862120297122534
500,SED,Grp_001_SED_X006_Y005.png,1.647679464491359,1.645301513253012,9.666555603803426
500,SED,Grp_001_SED_X006_Y006.png,1.6433181320316659,1.645301513253012,9.185073586704787
500,SED,Grp_001_SED_X006_Y007.png,1.6398700775908528,1.6354494083832334,8.217223217021713
500,SED,Grp_001_SED_X006_Y008.png,1.6423359104814013,1.645301513253012,9.141169691245791
500,SED,Grp_001_SED_X006_Y009.png,1.6413377933747282,1.645301513253012,9.534498844536968
500,SED,Grp_001_SED_X006_Y010.png,1.638055091844606,1.6354494083832334,8.522236185309728
500,SED,Grp_001_SED_X006_Y011.png,1.64089707198497,1.645301513253012,10.198192839865364
500,SED,Grp_001_SED_X006_Y012.png,1.63864243940347,1.6354494083832334,9.80365028159795
500,SED,Grp_001_SED_X006_Y013.png,1.6355657248550468,1.6354494083832334,9.841001751961562
500,SED,Grp_001_SED_X006_Y014.png,1.6355666305328438,1.6354494083832334,10.07731727528212
500,SED,Grp_001_SED_X007_Y000.png,1.6528132423525796,1.6552730375757574,9.60983071200254
500,SED,Grp_001_SED_X007_Y001.png,1.6501715217999766,1.645301513253012,9.52194494192191
500,SED,Grp_001_SED_X007_Y002.png,1.6468567806991354,1.645301513253012,8.865268046242877
500,SED,Grp_001_SED_X007_Y003.png,1.647561207766012,1.645301513253012,8.951894737672331
500,SED,Grp_001_SED_X007_Y004.png,1.6451653550350414,1.645301513253012,9.327130444722286
500,SED,Grp_001_SED_X007_Y005.png,1.6426233590067916,1.645301513253012,9.29472970463331
500,SED,Grp_001_SED_X007_Y006.png,1.6429586427567964,1.645301513253012,7.79101985943672
500,SED,Grp_001_SED_X007_Y007.png,1.641363298738087,1.645301513253012,10.12732784965704
500,SED,Grp_001_SED_X007_Y008.png,1.642483250414163,1.645301513253012,9.213474146851276
500,SED,Grp_001_SED_X007_Y009.png,1.6353521639353328,1.6354494083832334,9.4545688467315
500,SED,Grp_001_SED_X007_Y010.png,1.6431437956705188,1.645301513253012,9.014383282366103
500,SED,Grp_001_SED_X007_Y011.png,1.635596473939884,1.6354494083832334,8.72945164290246
500,SED,Grp_001_SED_X007_Y012.png,1.6395942620744004,1.6354494083832334,9.758321788013278
500,SED,Grp_001_SED_X007_Y013.png,1.642331676812122,1.645301513253012,9.707214322383578
500,SED,Grp_001_SED_X007_Y014.png,1.6368373869855408,1.6354494083832334,8.910347847007586
500,SED,Grp_001_SED_X008_Y000.png,1.648013326561092,1.645301513253012,10.34572345271785
500,SED,Grp_001_SED_X008_Y001.png,1.646951164152082,1.645301513253012,9.518931832301098
500,SED,Grp_001_SED_X008_Y002.png,1.645516888251586,1.645301513253012,9.700374498612222
500,SED,Grp_001_SED_X008_Y003.png,1.6477878388796894,1.645301513253012,9.168341591478136
500,SED,Grp_001_SED_X008_Y004.png,1.6440997940953073,1.645301513253012,10.160038121076688
500,SED,Grp_001_SED_X008_Y005.png,1.6437193050574272,1.645301513253012,9.509384468359244
500,SED,Grp_001_SED_X008_Y006.png,1.6441198644674357,1.645301513253012,9.755922973473716
500,SED,Grp_001_SED_X008_Y007.png,1.6468560914726773,1.645301513253012,9.342609898310652
500,SED,Grp_001_SED_X008_Y008.png,1.642743870669868,1.645301513253012,9.257247433424974
500,SED,Grp_001_SED_X008_Y009.png,1.6438427915789489,1.645301513253012,9.58573190526275
500,SED,Grp_001_SED_X008_Y010.png,1.6414791266445026,1.645301513253012,9.653002965028449
500,SED,Grp_001_SED_X008_Y011.png,1.636257865724345,1.6354494083832334,8.991911450234618
500,SED,Grp_001_SED_X008_Y012.png,1.6360371433348,1.6354494083832334,8.985074223083215
500,SED,Grp_001_SED_X008_Y013.png,1.6362285027437908,1.6354494083832334,8.90029928671324
500,SED,Grp_001_SED_X008_Y014.png,1.639184392506836,1.6354494083832334,10.141072955485289
500,SED,Grp_001_SED_X009_Y000.png,1.652310295938815,1.6552730375757574,9.68243243540596
500,SED,Grp_001_SED_X009_Y001.png,1.6485115745653383,1.645301513253012,10.490661358457789
500,SED,Grp_001_SED_X009_Y002.png,1.6492894367544144,1.645301513253012,8.886156303293376
500,SED,Grp_001_SED_X009_Y003.png,1.646517026410174,1.645301513253012,9.544157618157486
500,SED,Grp_001_SED_X009_Y004.png,1.643202397843128,1.645301513253012,9.484006417898428
500,SED,Grp_001_SED_X009_Y005.png,1.644002059493407,1.645301513253012,8.649801167304188
500,SED,Grp_001_SED_X009_Y006.png,1.6447924515846277,1.645301513253012,9.920415129693048
500,SED,Grp_001_SED_X009_Y007.png,1.643797961537655,1.645301513253012,9.479979812259657
500,SED,Grp_001_SED_X009_Y008.png,1.6441474969584713,1.645301513253012,9.351033101493982
500,SED,Grp_001_SED_X009_Y009.png,1.6378570886554078,1.6354494083832334,9.926987429403699
500,SED,Grp_001_SED_X009_Y010.png,1.6403676069728423,1.645301513253012,9.193836876191169
500,SED,Grp_001_SED_X009_Y011.png,1.639012718115942,1.6354494083832334,9.093162151649397
500,SED,Grp_001_SED_X009_Y012.png,1.6359297398918302,1.6354494083832334,9.226630356761298
500,SED,Grp_001_SED_X009_Y013.png,1.6309442989099177,1.6354494083832334,8.180142303556686
500,SED,Grp_001_SED_X009_Y014.png,1.638985823071044,1.6354494083832334,8.331675845725652
500,SED,Grp_001_SED_X010_Y000.png,1.6516348119676605,1.6552730375757574,9.696451426521293
500,SED,Grp_001_SED_X010_Y001.png,1.6512668984793089,1.6552730375757574,9.603227342421524
500,SED,Grp_001_SED_X010_Y002.png,1.6450489775140917,1.645301513253012,9.380068819185505
500,SED,Grp_001_SED_X010_Y003.png,1.6472015955285353,1.645301513253012,9.108699937835716
500,SED,Grp_001_SED_X010_Y004.png,1.64814362285847,1.645301513253012,9.445490516636683
500,SED,Grp_001_SED_X010_Y005.png,1.644030425451534,1.645301513253012,9.100930280343892
500,SED,Grp_001_SED_X010_Y006.png,1.6417994355534438,1.645301513253012,9.299517659310142
500,SED,Grp_001_SED_X010_Y007.png,1.642076707871079,1.645301513253012,9.126030255446445
500,SED,Grp_001_SED_X010_Y008.png,1.6421506281795837,1.645301513253012,9.164459744406797
500,SED,Grp_001_SED_X010_Y009.png,1.6417352500640074,1.645301513253012,8.868548780320126
500,SED,Grp_001_SED_X010_Y010.png,1.6362674385707043,1.6354494083832334,9.899206719523331
500,SED,Grp_001_SED_X010_Y011.png,1.6362146249221554,1.6354494083832334,9.382959714955765
500,SED,Grp_001_SED_X010_Y012.png,1.6368246614475765,1.6354494083832334,9.432169645625894
500,SED,Grp_001_SED_X010_Y013.png,1.6350123992159664,1.6354494083832334,8.440697797700194
500,SED,Grp_001_SED_X010_Y014.png,1.631782293366055,1.6354494083832334,9.241379840038714
500,SED,Grp_001_SED_X011_Y000.png,1.6472957241990709,1.645301513253012,9.221679379614086
500,SED,Grp_001_SED_X011_Y001.png,1.6490239502012676,1.645301513253012,9.552381774519052
500,SED,Grp_001_SED_X011_Y002.png,1.645156289745301,1.645301513253012,9.810120680710394
500,SED,Grp_001_SED_X011_Y003.png,1.6463821722294447,1.645301513253012,9.738977000230335
500,SED,Grp_001_SED_X011_Y004.png,1.6476696099063457,1.645301513253012,9.754609532903743
500,SED,Grp_001_SED_X011_Y005.png,1.6458482218016068,1.645301513253012,9.731895819848978
500,SED,Grp_001_SED_X011_Y006.png,1.6412060375386637,1.645301513253012,8.909336229690126
500,SED,Grp_001_SED_X011_Y007.png,1.6429028202902578,1.645301513253012,8.929238813463702
500,SED,Grp_001_SED_X011_Y008.png,1.640204581190949,1.6354494083832334,8.735461899151092
500,SED,Grp_001_SED_X011_Y009.png,1.6436401232809077,1.645301513253012,10.025157508894814
500,SED,Grp_001_SED_X011_Y010.png,1.6416018214131778,1.645301513253012,10.207314427850742
500,SED,Grp_001_SED_X011_Y011.png,1.6387679600453837,1.6354494083832334,9.926434165513067
500,SED,Grp_001_SED_X011_Y012.png,1.6393860861233545,1.6354494083832334,9.70532795511547
500,SED,Grp_001_SED_X011_Y013.png,1.6388299514842914,1.6354494083832334,9.334708053694698
500,SED,Grp_001_SED_X011_Y014.png,1.6337105081193848,1.6354494083832334,9.741340800646043
500,SED,Grp_001_SED_X012_Y000.png,1.6516725497206342,1.6552730375757574,8.29267618297083
500,SED,Grp_001_SED_X012_Y001.png,1.648953431968387,1.645301513253012,9.389398843933966
500,SED,Grp_001_SED_X012_Y002.png,1.6507730254995037,1.6552730375757574,9.449035963620123
500,SED,Grp_001_SED_X012_Y003.png,1.6534934707011721,1.6552730375757574,9.270719958219795
500,SED,Grp_001_SED_X012_Y004.png,1.6425393973294355,1.645301513253012,10.155184916731658
500,SED,Grp_001_SED_X012_Y005.png,1.6450500818488691,1.645301513253012,9.96598785147842
500,SED,Grp_001_SED_X012_Y006.png,1.641899486323651,1.645301513253012,9.595662763397696
500,SED,Grp_001_SED_X012_Y007.png,1.6427232537050471,1.645301513253012,10.130853394702545
500,SED,Grp_001_SED_X012_Y008.png,1.6386697472788403,1.6354494083832334,9.429489381200169
500,SED,Grp_001_SED_X012_Y009.png,1.6391962700252103,1.6354494083832334,9.814406674754999
500,SED,Grp_001_SED_X012_Y010.png,1.6365681449781073,1.6354494083832334,7.44444410825211
500,SED,Grp_001_SED_X012_Y011.png,1.6403638266108271,1.645301513253012,10.124298565252465
500,SED,Grp_001_SED_X012_Y012.png,1.637631229553448,1.6354494083832334,9.7297756292452
500,SED,Grp_001_SED_X012_Y013.png,1.6372481584403211,1.6354494083832334,8.990062100284906
500,SED,Grp_001_SED_X012_Y014.png,1.6403200918636454,1.6354494083832334,7.307552087570197
500,SED,Grp_001_SED_X013_Y000.png,1.648653757764196,1.645301513253012,9.537247360972449
500,SED,Grp_001_SED_X013_Y001.png,1.6480747679627552,1.645301513253012,9.466359110779075
500,SED,Grp_001_SED_X013_Y002.png,1.6443431495086007,1.645301513253012,9.641329839854665
500,SED,Grp_001_SED_X013_Y003.png,1.6455007475018741,1.645301513253012,10.049406675796423
500,SED,Grp_001_SED_X013_Y004.png,1.6463971613578219,1.645301513253012,9.392131245280265
500,SED,Grp_001_SED_X013_Y005.png,1.644461148800257,1.645301513253012,9.742127585328769
500,SED,Grp_001_SED_X013_Y006.png,1.6398687355666715,1.6354494083832334,9.860025353930977
500,SED,Grp_001_SED_X013_Y007.png,1.6456124243816501,1.645301513253012,8.570914157588547
500,SED,Grp_001_SED_X013_Y008.png,1.6409187336801565,1.645301513253012,9.191588037356745
500,SED,Grp_001_SED_X013_Y009.png,1.6400277259038767,1.6354494083832334,8.8944130268181
500,SED,Grp_001_SED_X013_Y010.png,1.6369889441462957,1.6354494083832334,8.372668467605674
500,SED,Grp_001_SED_X013_Y011.png,1.6352483415979802,1.6354494083832334,9.934880491207677
500,SED,Grp_001_SED_X013_Y012.png,1.6349600498697834,1.6354494083832334,9.389477305495076
500,SED,Grp_001_SED_X013_Y013.png,1.6380045235557632,1.6354494083832334,10.317708342106455
500,SED,Grp_001_SED_X013_Y014.png,1.634201458429848,1.6354494083832334,9.162309142840744
500,SED,Grp_001_SED_X014_Y000.png,1.651339280575832,1.6552730375757574,9.07548665040277
500,SED,Grp_001_SED_X014_Y001.png,1.650089472449162,1.645301513253012,9.474914762491043
500,SED,Grp_001_SED_X014_Y002.png,1.6454580401821222,1.645301513253012,8.570498647941625
500,SED,Grp_001_SED_X014_Y003.png,1.6480104118460355,1.645301513253012,8.61760965526881
500,SED,Grp_001_SED_X014_Y004.png,1.6471011869721806,1.645301513253012,10.210832202226236
500,SED,Grp_001_SED_X014_Y005.png,1.6474362310926243,1.645301513253012,9.954864060719926
500,SED,Grp_001_SED_X014_Y006.png,1.6415093214948102,1.645301513253012,9.92377070131071
500,SED,Grp_001_SED_X014_Y007.png,1.6477735563767892,1.645301513253012,9.13336958468923
500,SED,Grp_001_SED_X014_Y008.png,1.6438082290509588,1.645301513253012,8.581760673607329
500,SED,Grp_001_SED_X014_Y009.png,1.6342648909576079,1.6354494083832334,8.132253742363252
500,SED,Grp_001_SED_X014_Y010.png,1.6342886485864356,1.6354494083832334,9.493306179635661
500,SED,Grp_001_SED_X014_Y011.png,1.635812062142738,1.6354494083832334,9.791147658119028
500,SED,Grp_001_SED_X014_Y012.png,1.6387571631354776,1.6354494083832334,9.282992418712457
500,SED,Grp_001_SED_X014_Y013.png,1.6329617306432325,1.6354494083832334,5.872004259802991
500,SED,Grp_001_SED_X014_Y014.png,1.6324525684915268,1.6354494083832334,9.228994782436326
500,BED-S,Grp_001_BED-S_X000_Y000.png,1.653815466149347,1.6552730375757574,9.401138675829607
500,BED-S,Grp_001_BED-S_X000_Y001.png,1.6484769646476256,1.645301513253012,8.779908510788436
500,BED-S,Grp_001_BED-S_X000_Y002.png,1.646616009229697,1.645301513253012,10.14621969252347
500,BED-S,Grp_001_BED-S_X000_Y003.png,1.6439332084734257,1.645301513253012,9.925695884778406
500,BED-S,Grp_001_BED-S_X000_Y004.png,1.647225307995966,1.645301513253012,9.46048331524412
500,BED-S,Grp_001_BED-S_X000_Y005.png,1.64190944959334,1.645301513253012,9.93110683900795
500,BED-S,Grp_001_BED-S_X000_Y006.png,1.6405556325452149,1.645301513253012,10.25511272972594
500,BED-S,Grp_001_BED-S_X000_Y007.png,1.6437233712197017,1.645301513253012,9.383920845450696
500,BED-S,Grp_001_BED-S_X000_Y008.png,1.6521387203215812,1.6552730375757574,8.919004863765657
500,BED-S,Grp_001_BED-S_X000_Y009.png,1.6381146144536762,1.6354494083832334,9.323620395186282
500,BED-S,Grp_001_BED-S_X000_Y010.png,1.6401376792752185,1.6354494083832334,9.2275324632226
500,BED-S,Grp_001_BED-S_X000_Y011.png,1.6358270204695398,1.6354494083832334,9.972425900317125
500,BED-S,Grp_001_BED-S_X000_Y012.png,1.6415868604839712,1.645301513253012,9.748220263607276
500,BED-S,Grp_001_BED-S_X000_Y013.png,1.6333260612651264,1.6354494083832334,9.665926149356146
500,BED-S,Grp_001_BED-S_X000_Y014.png,1.6372768280991457,1.6354494083832334,9.636960497861208
500,BED-S,Grp_001_BED-S_X001_Y000.png,1.6515690619892234,1.6552730375757574,10.147795474195092
500,BED-S,Grp_001_BED-S_X001_Y001.png,1.6523040341926472,1.6552730375757574,8.821643452360638
500,BED-S,Grp_001_BED-S_X001_Y002.png,1.6450970829869327,1.645301513253012,8.835994386057452
500,BED-S,Grp_001_BED-S_X001_Y003.png,1.6449778117287983,1.645301513253012,8.632131793597019
500,BED-S,Grp_001_BED-S_X001_Y004.png,1.6448560425459926,1.645301513253012,9.463222154681944
500,BED-S,Grp_001_BED-S_X001_Y005.png,1.6469921091129207,1.645301513253012,10.150266854711617
500,BED-S,Grp_001_BED-S_X001_Y006.png,1.6427112571606615,1.645301513253012,10.067268479069558
500,BED-S,Grp_001_BED-S_X001_Y007.png,1.6388215174101881,1.6354494083832334,10.18564963757226
500,BED-S,Grp_001_BED-S_X001_Y008.png,1.6430497901364707,1.645301513253012,9.342698010939191
500,BED-S,Grp_001_BED-S_X001_Y009.png,1.6452402893011053,1.645301513253012,9.407045405341327
500,BED-S,Grp_001_BED-S_X001_Y010.png,1.6360459395499105,1.6354494083832334,9.544610266136795
500,BED-S,Grp_001_BED-S_X001_Y011.png,1.63997080338227,1.6354494083832334,8.92812923067908
500,BED-S,Grp_001_BED-S_X001_Y012.png,1.6380680613660041,1.6354494083832334,8.886551499172697
500,BED-S,Grp_001_BED-S_X001_Y013.png,1.6362828891054628,1.6354494083832334,9.599020632892799
500,BED-S,Grp_001_BED-S_X001_Y014.png,1.633614387820769,1.6354494083832334,10.256906327953422
500,BED-S,Grp_001_BED-S_X002_Y000.png,1.6478298497145274,1.645301513253012,8.927600572017921
500,BED-S,Grp_001_BED-S_X002_Y001.png,1.6537148218454658,1.6552730375757574,10.615577493327232
500,BED-S,Grp_001_BED-S_X002_Y002.png,1.652053832051092,1.6552730375757574,9.757147100268327
500,BED-S,Grp_001_BED-S_X002_Y003.png,1.6459793620917675,1.645301513253012,10.41384082425448
500,BED-S,Grp_001_BED-S_X002_Y004.png,1.6453257281750975,1.645301513253012,7.5522905377493235
500,BED-S,Grp_001_BED-S_X002_Y005.png,1.644944966770014,1.645301513253012,9.645927248571184
500,BED-S,Grp_001_BED-S_X002_Y006.png,1.6466646495297508,1.645301513253012,9.759361582144654
500,BED-S,Grp_001_BED-S_X002_Y007.png,1.6447786354120912,1.645301513253012,9.190672597149408
500,BED-S,Grp_001_BED-S_X002_Y008.png,1.6432680667513098,1.645301513253012,10.117548589858899
500,BED-S,Grp_001_BED-S_X002_Y009.png,1.6404374081923068,1.645301513253012,9.888940720709437
500,BED-S,Grp_001_BED-S_X002_Y010.png,1.6418166415247932,1.645301513253012,7.92633321159732
500,BED-S,Grp_001_BED-S_X002_Y011.png,1.6378193097324527,1.6354494083832334,9.923737131020186
500,BED-S,Grp_001_BED-S_X002_Y012.png,1.6387134790787379,1.6354494083832334,9.151052967454662
500,BED-S,Grp_001_BED-S_X002_Y013.png,1.635388021668635,1.6354494083832334,9.436637154431695
500,BED-S,Grp_001_BED-S_X002_Y014.png,1.6372668637424248,1.6354494083832334,8.915797736301538
500,BED-S,Grp_001_BED-S_X003_Y000.png,1.6542648541178655,1.6552730375757574,9.245651355405187
500,BED-S,Grp_001_BED-S_X003_Y001.png,1.646931717954774,1.645301513253012,10.072986852188832
500,BED-S,Grp_001_BED-S_X003_Y002.png,1.654038007858907,1.6552730375757574,7.726361303102019
500,BED-S,Grp_001_BED-S_X003_Y003.png,1.6563210894186364,1.6552730375757574,9.555618245557264
500,BED-S,Grp_001_BED-S_X003_Y004.png,1.6464280108859322,1.645301513253012,9.065932306823163
500,BED-S,Grp_001_BED-S_X003_Y005.png,1.642197339841686,1.645301513253012,9.29066717275066
500,BED-S,Grp_001_BED-S_X003_Y006.png,1.6461724199681649,1.645301513253012,9.218308210423775
500,BED-S,Grp_001_BED-S_X003_Y007.png,1.6407723994874779,1.645301513253012,9.17266711295634
500,BED-S,Grp_001_BED-S_X003_Y008.png,1.6380092576554375,1.6354494083832334,9.911339096474492
500,BED-S,Grp_001_BED-S_X003_Y009.png,1.6369723332297859,1.6354494083832334,10.172371393123854
500,BED-S,Grp_001_BED-S_X003_Y010.png,1.6402750273144295,1.6354494083832334,10.598835179205206
500,BED-S,Grp_001_BED-S_X003_Y011.png,1.6404681391656293,1.645301513253012,9.645306456248107
500,BED-S,Grp_001_BED-S_X003_Y012.png,1.6367121520020307,1.6354494083832334,10.076414954232634
500,BED-S,Grp_001_BED-S_X003_Y013.png,1.6351524595440696,1.6354494083832334,9.602471099009234
500,BED-S,Grp_001_BED-S_X003_Y014.png,1.6371385959440408,1.6354494083832334,10.017374678843769
500,BED-S,Grp_001_BED-S_X004_Y000.png,1.6527514516755097,1.6552730375757574,9.742716918978301
500,BED-S,Grp_001_BED-S_X004_Y001.png,1.6533583193085946,1.6552730375757574,10.280186774139072
500,BED-S,Grp_001_BED-S_X004_Y002.png,1.6489145377226258,1.645301513253012,9.766177541720575
500,BED-S,Grp_001_BED-S_X004_Y003.png,1.6435242538832215,1.645301513253012,10.124734523543504
500,BED-S,Grp_001_BED-S_X004_Y004.png,1.6431677612727955,1.645301513253012,8.998146099173898
500,BED-S,Grp_001_BED-S_X004_Y005.png,1.6471787529385828,1.645301513253012,10.416931487424804
500,BED-S,Grp_001_BED-S_X004_Y006.png,1.6424532575839352,1.645301513253012,9.082273020674632
500,BED-S,Grp_001_BED-S_X004_Y007.png,1.6403504241102087,1.6354494083832334,8.259128834099954
500,BED-S,Grp_001_BED-S_X004_Y008.png,1.6465373829958452,1.645301513253012,9.277255296362052
500,BED-S,Grp_001_BED-S_X004_Y009.png,1.6431296829281468,1.645301513253012,8.988801558242118
500,BED-S,Grp_001_BED-S_X004_Y010.png,1.6395285827644244,1.6354494083832334,9.633437777933878
500,BED-S,Grp_001_BED-S_X004_Y011.png,1.6337480257847596,1.6354494083832334,9.22234245346737
500,BED-S,Grp_001_BED-S_X004_Y012.png,1.6390621169490374,1.6354494083832334,9.56691369208776
500,BED-S,Grp_001_BED-S_X004_Y013.png,1.6339199870601282,1.6354494083832334,10.231109132409712
500,BED-S,Grp_001_BED-S_X004_Y014.png,1.633079742093825,1.6354494083832334,9.025765200695846
500,BED-S,Grp_001_BED-S_X005_Y000.png,1.6504206311097604,1.6552730375757574,9.194514726925158
500,BED-S,Grp_001_BED-S_X005_Y001.png,1.64645072879578,1.645301513253012,9.250861740796772
500,BED-S,Grp_001_BED-S_X005_Y002.png,1.6463855876298406,1.645301513253012,10.085791159424478
500,BED-S,Grp_001_BED-S_X005_Y003.png,1.6504031784256847,1.6552730375757574,9.392407307415606
500,BED-S,Grp_001_BED-S_X005_Y004.png,1.6471330567325457,1.645301513253012,9.444898714887778
500,BED-S,Grp_001_BED-S_X005_Y005.png,1.6416894791394672,1.645301513253012,9.548149282086225
500,BED-S,Grp_001_BED-S_X005_Y006.png,1.6405612590157421,1.645301513253012,9.122150149282122
500,BED-S,Grp_001_BED-S_X005_Y007.png,1.6410168536695937,1.645301513253012,10.765960178280393
500,BED-S,Grp_001_BED-S_X005_Y008.png,1.6391299757530695,1.6354494083832334,9.756862839109187
500,BED-S,Grp_001_BED-S_X005_Y009.png,1.635698228515357,1.6354494083832334,9.281080118230408
500,BED-S,Grp_001_BED-S_X005_Y010.png,1.6359760710124704,1.6354494083832334,9.914700391347244
500,BED-S,Grp_001_BED-S_X005_Y011.png,1.6364423059439088,1.6354494083832334,9.389140427356665
500,BED-S,Grp_001_BED-S_X005_Y012.png,1.6388911227256935,1.6354494083832334,9.491192654466426
500,BED-S,Grp_001_BED-S_X005_Y013.png,1.6375989287779695,1.6354494083832334,9.806597792331825
500,BED-S,Grp_001_BED-S_X005_Y014.png,1.6316597973514888,1.6354494083832334,9.091915233317152
500,BED-S,Grp_001_BED-S_X006_Y000.png,1.6462173999208929,1.645301513253012,9.020736067427961
500,BED-S,Grp_001_BED-S_X006_Y001.png,1.6498858503840728,1.645301513253012,9.10842136310363
500,BED-S,Grp_001_BED-S_X006_Y002.png,1.651948734490685,1.6552730375757574,9.45004044367647
500,BED-S,Grp_001_BED-S_X006_Y003.png,1.647832128282761,1.645301513253012,9.572832452659139
500,BED-S,Grp_001_BED-S_X006_Y004.png,1.6479063063907675,1.645301513253012,9.758190997241206
500,BED-S,Grp_001_BED-S_X006_Y005.png,1.6453222192425927,1.645301513253012,9.783648740833627
500,BED-S,Grp_001_BED-S_X006_Y006.png,1.6410691860026394,1.645301513253012,9.97436400817158
500,BED-S,Grp_001_BED-S_X006_Y007.png,1.6456688416986618,1.645301513253012,9.342255911076153
500,BED-S,Grp_001_BED-S_X006_Y008.png,1.6412680383088658,1.645301513253012,8.288843095867273
500,BED-S,Grp_001_BED-S_X006_Y009.png,1.6401481848402117,1.6354494083832334,9.09764938556508
500,BED-S,Grp_001_BED-S_X006_Y010.png,1.6422121314948512,1.645301513253012,7.9669892827195845
500,BED-S,Grp_001_BED-S_X006_Y011.png,1.6416133504698147,1.645301513253012,10.213690939440554
500,BED-S,Grp_001_BED-S_X006_Y012.png,1.633399571393258,1.6354494083832334,9.748720439418205
500,BED-S,Grp_001_BED-S_X006_Y013.png,1.6347195249160624,1.6354494083832334,9.368961236558318
500,BED-S,Grp_001_BED-S_X006_Y014.png,1.6394467088321103,1.6354494083832334,9.009244646635297
500,BED-S,Grp_001_BED-S_X007_Y000.png,1.6483021379426652,1.645301513253012,9.11793056348188
500,BED-S,Grp_001_BED-S_X007_Y001.png,1.6506255171777624,1.6552730375757574,9.516083870724406
500,BED-S,Grp_001_BED-S_X007_Y002.png,1.647769688811332,1.645301513253012,9.347172654120456
500,BED-S,Grp_001_BED-S_X007_Y003.png,1.6467552111339514,1.645301513253012,8.498379580824741
500,BED-S,Grp_001_BED-S_X007_Y004.png,1.6426556686071623,1.645301513253012,9.936652233076188
500,BED-S,Grp_001_BED-S_X007_Y005.png,1.6416577940650074,1.645301513253012,9.19364242363464
500,BED-S,Grp_001_BED-S_X007_Y006.png,1.6545932337042613,1.6552730375757574,6.340171207901742
500,BED-S,Grp_001_BED-S_X007_Y007.png,1.64100871736299,1.645301513253012,9.626093384878233
500,BED-S,Grp_001_BED-S_X007_Y008.png,1.638454411104816,1.6354494083832334,9.471066512614776
500,BED-S,Grp_001_BED-S_X007_Y009.png,1.6368309130635468,1.6354494083832334,10.37094830820559
500,BED-S,Grp_001_BED-S_X007_Y010.png,1.6446615896310677,1.645301513253012,9.817492930229577
500,BED-S,Grp_001_BED-S_X007_Y011.png,1.6373395329574307,1.6354494083832334,8.44037828709755
500,BED-S,Grp_001_BED-S_X007_Y012.png,1.6343479839697956,1.6354494083832334,10.601704259262146
500,BED-S,Grp_001_BED-S_X007_Y013.png,1.6411747606336786,1.645301513253012,9.894561372035009
500,BED-S,Grp_001_BED-S_X007_Y014.png,1.6408330356460297,1.645301513253012,9.944138689656823
500,BED-S,Grp_001_BED-S_X008_Y000.png,1.6503089121282546,1.6552730375757574,10.303261924490034
500,BED-S,Grp_001_BED-S_X008_Y001.png,1.6505219529496526,1.6552730375757574,9.46018154403875
500,BED-S,Grp_001_BED-S_X008_Y002.png,1.6437873273608095,1.645301513253012,9.192873480278616
500,BED-S,Grp_001_BED-S_X008_Y003.png,1.6449936024930751,1.645301513253012,8.999977513757846
500,BED-S,Grp_001_BED-S_X008_Y004.png,1.6467209296522312,1.645301513253012,9.273434835582837
500,BED-S,Grp_001_BED-S_X008_Y005.png,1.64276530676652,1.645301513253012,9.795574852733017
500,BED-S,Grp_001_BED-S_X008_Y006.png,1.645183273941385,1.645301513253012,9.541056968983463
500,BED-S,Grp_001_BED-S_X008_Y007.png,1.643607665669724,1.645301513253012,9.446412280745355
500,BED-S,Grp_001_BED-S_X008_Y008.png,1.6409347973879609,1.645301513253012,9.326241925696703
500,BED-S,Grp_001_BED-S_X008_Y009.png,1.6462726310885891,1.645301513253012,8.927711873616007
500,BED-S,Grp_001_BED-S_X008_Y010.png,1.6400128381086336,1.6354494083832334,8.93842457504832
500,BED-S,Grp_001_BED-S_X008_Y011.png,1.634386008002296,1.6354494083832334,8.309190858368206
500,BED-S,Grp_001_BED-S_X008_Y012.png,1.6417915994340557,1.645301513253012,9.820393448056214
500,BED-S,Grp_001_BED-S_X008_Y013.png,1.6373948793681279,1.6354494083832334,9.862472422886446
500,BED-S,Grp_001_BED-S_X008_Y014.png,1.635888594310651,1.6354494083832334,9.705976814107826
500,BED-S,Grp_001_BED-S_X009_Y000.png,1.6540586326749604,1.6552730375757574,8.982101029782696
500,BED-S,Grp_001_BED-S_X009_Y001.png,1.6463823568190772,1.645301513253012,10.328305600488603
500,BED-S,Grp_001_BED-S_X009_Y002.png,1.6463147806566256,1.645301513253012,9.129816460888115
500,BED-S,Grp_001_BED-S_X009_Y003.png,1.6522827107247964,1.6552730375757574,9.993682882881119
500,BED-S,Grp_001_BED-S_X009_Y004.png,1.6446419572066744,1.645301513253012,9.748979101412072
500,BED-S,Grp_001_BED-S_X009_Y005.png,1.6432101923853457,1.645301513253012,8.783813969559459
500,BED-S,Grp_001_BED-S_X009_Y006.png,1.640139114454597,1.6354494083832334,9.642677679465162
500,BED-S,Grp_001_BED-S_X009_Y007.png,1.6404326928974768,1.645301513253012,9.166071432182557
500,BED-S,Grp_001_BED-S_X009_Y008.png,1.64792142687058,1.645301513253012,9.233351949495173
500,BED-S,Grp_001_BED-S_X009_Y009.png,1.6382971940754696,1.6354494083832334,9.670856901976334
500,BED-S,Grp_001_BED-S_X009_Y010.png,1.6373184578567175,1.6354494083832334,8.675004051327997
500,BED-S,Grp_001_BED-S_X009_Y011.png,1.6405652391891925,1.645301513253012,9.436808928560023
500,BED-S,Grp_001_BED-S_X009_Y012.png,1.6363924130169496,1.6354494083832334,10.226283602391023
500,BED-S,Grp_001_BED-S_X009_Y013.png,1.6307301307139639,1.6354494083832334,10.012537465502596
500,BED-S,Grp_001_BED-S_X009_Y014.png,1.63626532492132,1.6354494083832334,9.51190785174337
500,BED-S,Grp_001_BED-S_X010_Y000.png,1.6486199557774477,1.645301513253012,10.357763100013274
500,BED-S,Grp_001_BED-S_X010_Y001.png,1.651233657935228,1.6552730375757574,9.989584015811749
500,BED-S,Grp_001_BED-S_X010_Y002.png,1.6447714869022743,1.645301513253012,9.751059979129103
500,BED-S,Grp_001_BED-S_X010_Y003.png,1.6468145574290873,1.645301513253012,9.72882244240108
500,BED-S,Grp_001_BED-S_X010_Y004.png,1.645426859563852,1.645301513253012,9.151522138101976
500,BED-S,Grp_001_BED-S_X010_Y005.png,1.6453094449538646,1.645301513253012,10.234121690826976
500,BED-S,Grp_001_BED-S_X010_Y006.png,1.6466835074997606,1.645301513253012,8.759801659298574
500,BED-S,Grp_001_BED-S_X010_Y007.png,1.6419139871180648,1.645301513253012,8.973508673027244
500,BED-S,Grp_001_BED-S_X010_Y008.png,1.6386188618975377,1.6354494083832334,10.18628931752378
500,BED-S,Grp_001_BED-S_X010_Y009.png,1.6427826360702382,1.645301513253012,9.042169409780021
500,BED-S,Grp_001_BED-S_X010_Y010.png,1.6392267570935402,1.6354494083832334,9.460789225885712
500,BED-S,Grp_001_BED-S_X010_Y011.png,1.6365786103578819,1.6354494083832334,10.116115350106863
500,BED-S,Grp_001_BED-S_X010_Y012.png,1.6312526261647444,1.6354494083832334,8.616392372491507
500,BED-S,Grp_001_BED-S_X010_Y013.png,1.63373288958146,1.6354494083832334,8.560110736023322
500,BED-S,Grp_001_BED-S_X010_Y014.png,1.6358966188239292,1.6354494083832334,9.7050039780417
500,BED-S,Grp_001_BED-S_X011_Y000.png,1.6514383691811987,1.6552730375757574,9.499601138102404
500,BED-S,Grp_001_BED-S_X011_Y001.png,1.6486495190748582,1.645301513253012,7.966001169631829
500,BED-S,Grp_001_BED-S_X011_Y002.png,1.6496179901339922,1.645301513253012,9.607237931108216
500,BED-S,Grp_001_BED-S_X011_Y003.png,1.6463858983560042,1.645301513253012,9.239842035629357
500,BED-S,Grp_001_BED-S_X011_Y004.png,1.6416629510508627,1.645301513253012,8.836785676599655
500,BED-S,Grp_001_BED-S_X011_Y005.png,1.6470298390447045,1.645301513253012,10.248259859285348
500,BED-S,Grp_001_BED-S_X011_Y006.png,1.6429234444946317,1.645301513253012,9.319708272126276
500,BED-S,Grp_001_BED-S_X011_Y007.png,1.6405469318295858,1.645301513253012,9.356269651094044
500,BED-S,Grp_001_BED-S_X011_Y008.png,1.638756583308931,1.6354494083832334,8.477548698997
500,BED-S,Grp_001_BED-S_X011_Y009.png,1.6396992790604425,1.6354494083832334,9.471586678807865
500,BED-S,Grp_001_BED-S_X011_Y010.png,1.6397454822164024,1.6354494083832334,10.076985562645719
500,BED-S,Grp_001_BED-S_X011_Y011.png,1.638144473241064,1.6354494083832334,9.893812079045665
500,BED-S,Grp_001_BED-S_X011_Y012.png,1.6381069022907953,1.6354494083832334,9.244298147394634
500,BED-S,Grp_001_BED-S_X011_Y013.png,1.6407526256907108,1.645301513253012,9.51089192884258
500,BED-S,Grp_001_BED-S_X011_Y014.png,1.633093216174311,1.6354494083832334,9.783988930935308
500,BED-S,Grp_001_BED-S_X012_Y000.png,1.6532165300829864,1.6552730375757574,8.68154194329346
500,BED-S,Grp_001_BED-S_X012_Y001.png,1.6467740130084194,1.645301513253012,8.401505140336043
500,BED-S,Grp_001_BED-S_X012_Y002.png,1.6471282940848235,1.645301513253012,10.04757697633948
500,BED-S,Grp_001_BED-S_X012_Y003.png,1.6478591691914295,1.645301513253012,9.719442299256867
500,BED-S,Grp_001_BED-S_X012_Y004.png,1.6449532512590956,1.645301513253012,9.58771377707802
500,BED-S,Grp_001_BED-S_X012_Y005.png,1.6422276092775048,1.645301513253012,10.065376383213135
500,BED-S,Grp_001_BED-S_X012_Y006.png,1.6382077008363178,1.6354494083832334,9.560280878311849
500,BED-S,Grp_001_BED-S_X012_Y007.png,1.644042583885522,1.645301513253012,9.177863204746767
500,BED-S,Grp_001_BED-S_X012_Y008.png,1.6423545361327447,1.645301513253012,9.176052470790811
500,BED-S,Grp_001_BED-S_X012_Y009.png,1.637854308421762,1.6354494083832334,9.170510493459187
500,BED-S,Grp_001_BED-S_X012_Y010.png,1.6335214788841785,1.6354494083832334,6.601743990119574
500,BED-S,Grp_001_BED-S_X012_Y011.png,1.6437805882146508,1.645301513253012,9.188213491636912
500,BED-S,Grp_001_BED-S_X012_Y012.png,1.643065211223636,1.645301513253012,8.898704305382646
500,BED-S,Grp_001_BED-S_X012_Y013.png,1.639360225754614,1.6354494083832334,8.54454337837354
500,BED-S,Grp_001_BED-S_X012_Y014.png,1.6372837037247647,1.6354494083832334,7.605226531362297
500,BED-S,Grp_001_BED-S_X013_Y000.png,1.647337969735519,1.645301513253012,8.976245264484188
500,BED-S,Grp_001_BED-S_X013_Y001.png,1.6487409918927958,1.645301513253012,9.413695041945536
500,BED-S,Grp_001_BED-S_X013_Y002.png,1.6489516428079418,1.645301513253012,9.512427397722945
500,BED-S,Grp_001_BED-S_X013_Y003.png,1.644423989664362,1.645301513253012,9.98178549953072
500,BED-S,Grp_001_BED-S_X013_Y004.png,1.6436067857109966,1.645301513253012,10.015594307850245
500,BED-S,Grp_001_BED-S_X013_Y005.png,1.646003706014185,1.645301513253012,9.477140207299986
500,BED-S,Grp_001_BED-S_X013_Y006.png,1.640116171100236,1.6354494083832334,9.518282057919981
500,BED-S,Grp_001_BED-S_X013_Y007.png,1.6435028510223684,1.645301513253012,9.935059797537575
500,BED-S,Grp_001_BED-S_X013_Y008.png,1.6389533080069434,1.6354494083832334,9.733838980900373
500,BED-S,Grp_001_BED-S_X013_Y009.png,1.6396439242818892,1.6354494083832334,8.761143521052755
500,BED-S,Grp_001_BED-S_X013_Y010.png,1.6449376166544432,1.645301513253012,8.501366339943463
500,BED-S,Grp_001_BED-S_X013_Y011.png,1.6361747462181881,1.6354494083832334,9.493714276609321
500,BED-S,Grp_001_BED-S_X013_Y012.png,1.634367163465041,1.6354494083832334,10.41347336509956
500,BED-S,Grp_001_BED-S_X013_Y013.png,1.635387173991822,1.6354494083832334,9.94759355303292
500,BED-S,Grp_001_BED-S_X013_Y014.png,1.636063279487229,1.6354494083832334,9.610021247179827
500,BED-S,Grp_001_BED-S_X014_Y000.png,1.6463647347519306,1.645301513253012,9.057875018406953
500,BED-S,Grp_001_BED-S_X014_Y001.png,1.649700526450231,1.645301513253012,9.157038946161489
500,BED-S,Grp_001_BED-S_X014_Y002.png,1.6467741776569764,1.645301513253012,9.587188528525198
500,BED-S,Grp_001_BED-S_X014_Y003.png,1.6503784114973965,1.6552730375757574,9.906984762898345
500,BED-S,Grp_001_BED-S_X014_Y004.png,1.6453746042409074,1.645301513253012,9.65724487638293
500,BED-S,Grp_001_BED-S_X014_Y005.png,1.6429005216989117,1.645301513253012,10.260864694362112
500,BED-S,Grp_001_BED-S_X014_Y006.png,1.645008851138324,1.645301513253012,9.623565377248449
500,BED-S,Grp_001_BED-S_X014_Y007.png,1.6453062515931642,1.645301513253012,9.509213080149234
500,BED-S,Grp_001_BED-S_X014_Y008.png,1.6390049805427087,1.6354494083832334,8.330762732808264
500,BED-S,Grp_001_BED-S_X014_Y009.png,1.6337292295893455,1.6354494083832334,8.259028679814953
500,BED-S,Grp_001_BED-S_X014_Y010.png,1.6367060690115978,1.6354494083832334,9.17874656011211
500,BED-S,Grp_001_BED-S_X014_Y011.png,1.6405006480521889,1.645301513253012,8.960201675032401
500,BED-S,Grp_001_BED-S_X014_Y012.png,1.6348435677634043,1.6354494083832334,8.86925743935119
500,BED-S,Grp_001_BED-S_X014_Y013.png,1.6406337804026558,1.645301513253012,4.1759560641797835
500,BED-S,Grp_001_BED-S_X014_Y014.png,1.6366052871009227,1.6354494083832334,9.809944012348126
400,SED,Grp_002_SED_X000_Y000.png,1.6488084766766475,1.645301513253012,9.95881667500591
400,SED,Grp_002_SED_X000_Y001.png,1.6456172661733306,1.645301513253012,8.948895758869549
400,SED,Grp_002_SED_X000_Y002.png,1.6436795331982057,1.645301513253012,9.676099235537606
400,SED,Grp_002_SED_X000_Y003.png,1.642329257207845,1.645301513253012,10.380192270943557
400,SED,Grp_002_SED_X000_Y004.png,1.6453109065643263,1.645301513253012,9.926193170773772
400,SED,Grp_002_SED_X000_Y005.png,1.6453947561824422,1.645301513253012,10.453713146100869
400,SED,Grp_002_SED_X000_Y006.png,1.643464587832113,1.645301513253012,8.914754649793526
400,SED,Grp_002_SED_X000_Y007.png,1.6416291960009488,1.645301513253012,10.043050375916872
400,SED,Grp_002_SED_X000_Y008.png,1.6435363016725404,1.645301513253012,8.907020731807641
400,SED,Grp_002_SED_X000_Y009.png,1.647077985432328,1.645301513253012,9.169036530130064
400,SED,Grp_002_SED_X000_Y010.png,1.644584956202932,1.645301513253012,9.866203197351926
400,SED,Grp_002_SED_X000_Y011.png,1.644168768150569,1.645301513253012,8.991485004855994
400,SED,Grp_002_SED_X000_Y012.png,1.6485789645975988,1.645301513253012,9.98864916335078
400,SED,Grp_002_SED_X000_Y013.png,1.6461908205928955,1.645301513253012,9.465994124781071
400,SED,Grp_002_SED_X000_Y014.png,1.6407344431605817,1.645301513253012,9.015558710672776
400,SED,Grp_002_SED_X000_Y015.png,1.6424364738177817,1.645301513253012,9.416861831871076
400,SED,Grp_002_SED_X000_Y016.png,1.6399998620773508,1.6354494083832334,10.069948614163872
400,SED,Grp_002_SED_X000_Y017.png,1.6428362644880006,1.645301513253012,8.993134588327433
400,SED,Grp_002_SED_X000_Y018.png,1.6413983182507896,1.645301513253012,9.083433454794394
400,SED,Grp_002_SED_X001_Y000.png,1.6446147618110216,1.645301513253012,9.702392652474542
400,SED,Grp_002_SED_X001_Y001.png,1.6463769753605642,1.645301513253012,8.849867661262278
400,SED,Grp_002_SED_X001_Y002.png,1.6465439731995983,1.645301513253012,8.655796105431163
400,SED,Grp_002_SED_X001_Y003.png,1.6420356468927817,1.645301513253012,9.563629780964847
400,SED,Grp_002_SED_X001_Y004.png,1.6453260933262654,1.645301513253012,9.528049629918199
400,SED,Grp_002_SED_X001_Y005.png,1.6446996712937176,1.645301513253012,10.369458159345522
400,SED,Grp_002_SED_X001_Y006.png,1.6446882678441166,1.645301513253012,9.121135214589748
400,SED,Grp_002_SED_X001_Y007.png,1.647737233602767,1.645301513253012,9.237968143418026
400,SED,Grp_002_SED_X001_Y008.png,1.6403608666237692,1.645301513253012,9.139379704964384
400,SED,Grp_002_SED_X001_Y009.png,1.639519755471905,1.6354494083832334,9.925513296036732
400,SED,Grp_002_SED_X001_Y010.png,1.6410243396277482,1.645301513253012,9.10277498647129
400,SED,Grp_002_SED_X001_Y011.png,1.6409987931883596,1.645301513253012,8.949007563303518
400,SED,Grp_002_SED_X001_Y012.png,1.645332369776752,1.645301513253012,9.507559654362966
400,SED,Grp_002_SED_X001_Y013.png,1.6403791910717176,1.645301513253012,9.687772140125531
400,SED,Grp_002_SED_X001_Y014.png,1.6449058726336105,1.645301513253012,9.537578373350684
400,SED,Grp_002_SED_X001_Y015.png,1.6434650210099186,1.645301513253012,10.290769143459562
400,SED,Grp_002_SED_X001_Y016.png,1.6450474468178027,1.645301513253012,9.93684365024655
400,SED,Grp_002_SED_X001_Y017.png,1.6408159361780332,1.645301513253012,10.140237962926836
400,SED,Grp_002_SED_X001_Y018.png,1.6400133393724703,1.6354494083832334,9.34771918293196
400,SED,Grp_002_SED_X002_Y000.png,1.6432950283825456,1.645301513253012,9.42227394497648
400,SED,Grp_002_SED_X002_Y001.png,1.6380736240712717,1.6354494083832334,9.756951820730697
400,SED,Grp_002_SED_X002_Y002.png,1.6440597994039892,1.645301513253012,10.815924789897801
400,SED,Grp_002_SED_X002_Y003.png,1.6448011737169246,1.645301513253012,8.828715010627297
400,SED,Grp_002_SED_X002_Y004.png,1.6438366493713377,1.645301513253012,9.394204613020241
400,SED,Grp_002_SED_X002_Y005.png,1.6465920740255118,1.645301513253012,10.054895964968377
400,SED,Grp_002_SED_X002_Y006.png,1.6414687881402112,1.645301513253012,9.957735294691155
400,SED,Grp_002_SED_X002_Y007.png,1.642168400928009,1.645301513253012,9.223963983781124
400,SED,Grp_002_SED_X002_Y008.png,1.643944970685397,1.645301513253012,10.027730327820157
400,SED,Grp_002_SED_X002_Y009.png,1.6445726284051443,1.645301513253012,10.070800816569728
400,SED,Grp_002_SED_X002_Y010.png,1.6459464260186083,1.645301513253012,9.391594548915945
400,SED,Grp_002_SED_X002_Y011.png,1.646753091740873,1.645301513253012,9.450089561287793
400,SED,Grp_002_SED_X002_Y012.png,1.6409563871978536,1.645301513253012,9.776167359812336
400,SED,Grp_002_SED_X002_Y013.png,1.6455976614445575,1.645301513253012,10.103969427082498
400,SED,Grp_002_SED_X002_Y014.png,1.644384105658013,1.645301513253012,8.796860550855257
400,SED,Grp_002_SED_X002_Y015.png,1.6394891448638849,1.6354494083832334,8.861807628848075
400,SED,Grp_002_SED_X002_Y016.png,1.645632299416603,1.645301513253012,9.847019729674471
400,SED,Grp_002_SED_X002_Y017.png,1.644501516231273,1.645301513253012,9.561965785734268
400,SED,Grp_002_SED_X002_Y018.png,1.6414192907854885,1.645301513253012,9.845316807292944
400,SED,Grp_002_SED_X003_Y000.png,1.647150211429632,1.645301513253012,8.82101405942308
400,SED,Grp_002_SED_X003_Y001.png,1.6448454538486235,1.645301513253012,9.500084004052809
400,SED,Grp_002_SED_X003_Y002.png,1.6470194560961184,1.645301513253012,10.090196922130371
400,SED,Grp_002_SED_X003_Y003.png,1.64303611538564,1.645301513253012,9.538514433532479
400,SED,Grp_002_SED_X003_Y004.png,1.6444259795160179,1.645301513253012,10.037843099476653
400,SED,Grp_002_SED_X003_Y005.png,1.6426062800476393,1.645301513253012,8.910192261096963
400,SED,Grp_002_SED_X003_Y006.png,1.649451813902075,1.645301513253012,10.12741109869273
400,SED,Grp_002_SED_X003_Y007.png,1.6427799703583057,1.645301513253012,8.732479729057806
400,SED,Grp_002_SED_X003_Y008.png,1.6456845533579436,1.645301513253012,9.028889930141496
400,SED,Grp_002_SED_X003_Y009.png,1.6458490316764942,1.645301513253012,9.65463107278123
400,SED,Grp_002_SED_X003_Y010.png,1.6420590537845734,1.645301513253012,10.933350743361473
400,SED,Grp_002_SED_X003_Y011.png,1.6436416627497747,1.645301513253012,9.19242947651656
400,SED,Grp_002_SED_X003_Y012.png,1.6412517579358068,1.645301513253012,8.763432597479103
400,SED,Grp_002_SED_X003_Y013.png,1.6467501349493363,1.645301513253012,9.806881506917556
400,SED,Grp_002_SED_X003_Y014.png,1.6406612844215738,1.645301513253012,10.142764940024605
400,SED,Grp_002_SED_X003_Y015.png,1.6482333114026886,1.645301513253012,9.186301753519034
400,SED,Grp_002_SED_X003_Y016.png,1.6417692258155439,1.645301513253012,9.323082433009157
400,SED,Grp_002_SED_X003_Y017.png,1.6453078597828896,1.645301513253012,9.923110079382662
400,SED,Grp_002_SED_X003_Y018.png,1.6467686877580408,1.645301513253012,9.132239580931575
400,SED,Grp_002_SED_X004_Y000.png,1.6436489785270483,1.645301513253012,10.077461594149645
400,SED,Grp_002_SED_X004_Y001.png,1.6464458646523585,1.645301513253012,9.841501322963312
400,SED,Grp_002_SED_X004_Y002.png,1.6436096759439731,1.645301513253012,9.508871752266412
400,SED,Grp_002_SED_X004_Y003.png,1.6494164519897798,1.645301513253012,9.507540739350667
400,SED,Grp_002_SED_X004_Y004.png,1.6447069888531143,1.645301513253012,9.868951191752418
400,SED,Grp_002_SED_X004_Y005.png,1.6463502144483508,1.645301513253012,9.12722799591923
400,SED,Grp_002_SED_X004_Y006.png,1.6419860227505856,1.645301513253012,9.503382175380974
400,SED,Grp_002_SED_X004_Y007.png,1.6420562984057707,1.645301513253012,9.579235856038663
400,SED,Grp_002_SED_X004_Y008.png,1.6416623339380771,1.645301513253012,9.358428522660816
400,SED,Grp_002_SED_X004_Y009.png,1.6435490888643594,1.645301513253012,9.32793585262793
400,SED,Grp_002_SED_X004_Y010.png,1.6471978510191638,1.645301513253012,9.527526609296359
400,SED,Grp_002_SED_X004_Y011.png,1.6453608973138085,1.645301513253012,9.647360665172357
400,SED,Grp_002_SED_X004_Y012.png,1.6466144906723377,1.645301513253012,8.829784756946532
400,SED,Grp_002_SED_X004_Y013.png,1.6379868957824093,1.6354494083832334,9.19238357873612
400,SED,Grp_002_SED_X004_Y014.png,1.6469541717451104,1.645301513253012,9.857882343602538
400,SED,Grp_002_SED_X004_Y015.png,1.644993528075616,1.645301513253012,9.578380528579103
400,SED,Grp_002_SED_X004_Y016.png,1.6399281123780038,1.6354494083832334,8.473450994706276
400,SED,Grp_002_SED_X004_Y017.png,1.6502714697405334,1.645301513253012,9.802580590615959
400,SED,Grp_002_SED_X004_Y018.png,1.6439129555792207,1.645301513253012,9.693830057027764
400,SED,Grp_002_SED_X005_Y000.png,1.6415388872706842,1.645301513253012,9.456338659043189
400,SED,Grp_002_SED_X005_Y001.png,1.6482242606961013,1.645301513253012,8.072779607199875
400,SED,Grp_002_SED_X005_Y002.png,1.6446082357145215,1.645301513253012,9.035568481253758
400,SED,Grp_002_SED_X005_Y003.png,1.6449603284570253,1.645301513253012,9.94375024561667
400,SED,Grp_002_SED_X005_Y004.png,1.6488961017893007,1.645301513253012,10.5307565444171
400,SED,Grp_002_SED_X005_Y005.png,1.6440947820132992,1.645301513253012,9.282402782212062
400,SED,Grp_002_SED_X005_Y006.png,1.64552486052348,1.645301513253012,9.217430664314817
400,SED,Grp_002_SED_X005_Y007.png,1.6505154778208988,1.6552730375757574,8.51847311799656
400,SED,Grp_002_SED_X005_Y008.png,1.6454078187001786,1.645301513253012,8.95536801849068
400,SED,Grp_002_SED_X005_Y009.png,1.644491255719203,1.645301513253012,8.75261219370405
400,SED,Grp_002_SED_X005_Y010.png,1.6451215881824115,1.645301513253012,10.937488571560696
400,SED,Grp_002_SED_X005_Y011.png,1.642438765214031,1.645301513253012,10.116023381773644
400,SED,Grp_002_SED_X005_Y012.png,1.645512390286917,1.645301513253012,9.317502916774249
400,SED,Grp_002_SED_X005_Y013.png,1.6416493841349762,1.645301513253012,9.64971004142584
400,SED,Grp_002_SED_X005_Y014.png,1.6456038240129536,1.645301513253012,9.659053630991785
400,SED,Grp_002_SED_X005_Y015.png,1.6421365506656935,1.645301513253012,9.629154776086612
400,SED,Grp_002_SED_X005_Y016.png,1.6448559302533319,1.645301513253012,9.22639377268817
400,SED,Grp_002_SED_X005_Y017.png,1.639900301452156,1.6354494083832334,9.975524498174478
400,SED,Grp_002_SED_X005_Y018.png,1.642202388242378,1.645301513253012,9.662869913643389
400,SED,Grp_002_SED_X006_Y000.png,1.643649057776448,1.645301513253012,10.431144044725016
400,SED,Grp_002_SED_X006_Y001.png,1.6483075317175382,1.645301513253012,9.678138539340749
400,SED,Grp_002_SED_X006_Y002.png,1.6444209887824608,1.645301513253012,9.23295030301269
400,SED,Grp_002_SED_X006_Y003.png,1.64217549041373,1.645301513253012,8.697441631922876
400,SED,Grp_002_SED_X006_Y004.png,1.6499940385923384,1.645301513253012,9.21889862716585
400,SED,Grp_002_SED_X006_Y005.png,1.6429440816974406,1.645301513253012,9.36074092945336
400,SED,Grp_002_SED_X006_Y006.png,1.6452173096304923,1.645301513253012,9.418489501165444
400,SED,Grp_002_SED_X006_Y007.png,1.6426348277705338,1.645301513253012,8.636749919457799
400,SED,Grp_002_SED_X006_Y008.png,1.6442045374192422,1.645301513253012,9.102507857107016
400,SED,Grp_002_SED_X006_Y009.png,1.6445286116314353,1.645301513253012,9.817213996704348
400,SED,Grp_002_SED_X006_Y010.png,1.6406136234258708,1.645301513253012,8.833163834607408
400,SED,Grp_002_SED_X006_Y011.png,1.6465759099396928,1.645301513253012,9.8312857171699
400,SED,Grp_002_SED_X006_Y012.png,1.6419273064104083,1.645301513253012,10.175297623450508
400,SED,Grp_002_SED_X006_Y013.png,1.6429505879295188,1.645301513253012,9.975720293634033
400,SED,Grp_002_SED_X006_Y014.png,1.641398635402177,1.645301513253012,9.463883952832553
400,SED,Grp_002_SED_X006_Y015.png,1.642578828913279,1.645301513253012,9.889939584704779
400,SED,Grp_002_SED_X006_Y016.png,1.6443420547774552,1.645301513253012,9.166694104115667
400,SED,Grp_002_SED_X006_Y017.png,1.643084467053604,1.645301513253012,9.812310787349627
400,SED,Grp_002_SED_X006_Y018.png,1.6452418714452643,1.645301513253012,9.976374409794959
400,SED,Grp_002_SED_X007_Y000.png,1.648246104128798,1.645301513253012,9.560693126606504
400,SED,Grp_002_SED_X007_Y001.png,1.643532768217042,1.645301513253012,10.22800053374592
400,SED,Grp_002_SED_X007_Y002.png,1.6442661070866196,1.645301513253012,10.29410775971682
400,SED,Grp_002_SED_X007_Y003.png,1.6470371625815448,1.645301513253012,9.970394015841174
400,SED,Grp_002_SED_X007_Y004.png,1.641916028592285,1.645301513253012,9.82909653308665
400,SED,Grp_002_SED_X007_Y005.png,1.641161806992284,1.645301513253012,9.8087994105493
400,SED,Grp_002_SED_X007_Y006.png,1.6495083365200254,1.645301513253012,9.516762218968896
400,SED,Grp_002_SED_X007_Y007.png,1.6432124654377693,1.645301513253012,9.99653621455481
400,SED,Grp_002_SED_X007_Y008.png,1.646554431568186,1.645301513253012,9.27078351623144
400,SED,Grp_002_SED_X007_Y009.png,1.6451604417189836,1.645301513253012,8.94535159795756
400,SED,Grp_002_SED_X007_Y010.png,1.6426918520417322,1.645301513253012,8.476122682241185
400,SED,Grp_002_SED_X007_Y011.png,1.6420641406649508,1.645301513253012,10.106535566705384
400,SED,Grp_002_SED_X007_Y012.png,1.6436823741987565,1.645301513253012,9.916013374909424
400,SED,Grp_002_SED_X007_Y013.png,1.645197484849209,1.645301513253012,9.679962721855771
400,SED,Grp_002_SED_X007_Y014.png,1.64288902639979,1.645301513253012,8.688803549846078
400,SED,Grp_002_SED_X007_Y015.png,1.6452890461311105,1.645301513253012,8.523405949157977
400,SED,Grp_002_SED_X007_Y016.png,1.645029854542691,1.645301513253012,9.756262889882318
400,SED,Grp_002_SED_X007_Y017.png,1.6398552652037417,1.6354494083832334,9.29941641740143
400,SED,Grp_002_SED_X007_Y018.png,1.6431786841383615,1.645301513253012,9.533339449268189
400,SED,Grp_002_SED_X008_Y000.png,1.6448530606851095,1.645301513253012,9.761975625703988
400,SED,Grp_002_SED_X008_Y001.png,1.6458450533612963,1.645301513253012,8.796576061244851
400,SED,Grp_002_SED_X008_Y002.png,1.6496273606564766,1.645301513253012,9.508301297510206
400,SED,Grp_002_SED_X008_Y003.png,1.6489381886745027,1.645301513253012,9.442529025675837
400,SED,Grp_002_SED_X008_Y004.png,1.6470322911034896,1.645301513253012,9.331298335920756
400,SED,Grp_002_SED_X008_Y005.png,1.6427867746171574,1.645301513253012,10.24084609264195
400,SED,Grp_002_SED_X008_Y006.png,1.641167174169085,1.645301513253012,10.581046197478436
400,SED,Grp_002_SED_X008_Y007.png,1.6437796727932799,1.645301513253012,9.628467213971538
400,SED,Grp_002_SED_X008_Y008.png,1.6425939645684724,1.645301513253012,10.154431131298264
400,SED,Grp_002_SED_X008_Y009.png,1.642520859680219,1.645301513253012,9.574988371706835
400,SED,Grp_002_SED_X008_Y010.png,1.6446732885644946,1.645301513253012,4.273121255310058
400,SED,Grp_002_SED_X008_Y011.png,1.6417910642745812,1.645301513253012,4.338281238441091
400,SED,Grp_002_SED_X008_Y012.png,1.6506624439343516,1.6552730375757574,9.963842730730098
400,SED,Grp_002_SED_X008_Y013.png,1.6439743822713089,1.645301513253012,9.86394103393148
400,SED,Grp_002_SED_X008_Y014.png,1.6448999094207148,1.645301513253012,7.41156331731824
400,SED,Grp_002_SED_X008_Y015.png,1.6432921979418127,1.645301513253012,9.917294823932595
400,SED,Grp_002_SED_X008_Y016.png,1.6391709448510208,1.6354494083832334,10.808420937692487
400,SED,Grp_002_SED_X008_Y017.png,1.6433511785615256,1.645301513253012,9.058319543852257
400,SED,Grp_002_SED_X008_Y018.png,1.6415374313251863,1.645301513253012,9.041245660182655
400,SED,Grp_002_SED_X009_Y000.png,1.6466397643661608,1.645301513253012,9.153504156597304
400,SED,Grp_002_SED_X009_Y001.png,1.6429608132608304,1.645301513253012,9.761226482423126
400,SED,Grp_002_SED_X009_Y002.png,1.6411407123732529,1.645301513253012,9.121924445255079
400,SED,Grp_002_SED_X009_Y003.png,1.646201167995564,1.645301513253012,9.676608282139195
400,SED,Grp_002_SED_X009_Y004.png,1.6436041031484874,1.645301513253012,9.628442351175396
400,SED,Grp_002_SED_X009_Y005.png,1.6485944062777367,1.645301513253012,9.002409332556343
400,SED,Grp_002_SED_X009_Y006.png,1.6474771416313008,1.645301513253012,9.981307461235925
400,SED,Grp_002_SED_X009_Y007.png,1.6427996305369643,1.645301513253012,9.194599195584328
400,SED,Grp_002_SED_X009_Y008.png,1.6468783615809537,1.645301513253012,11.005864410811153
400,SED,Grp_002_SED_X009_Y009.png,1.6437526901377046,1.645301513253012,8.882800976337945
400,SED,Grp_002_SED_X009_Y010.png,1.6443807844632359,1.645301513253012,9.384602103170147
400,SED,Grp_002_SED_X009_Y011.png,1.6379902977655179,1.6354494083832334,8.650954106674611
400,SED,Grp_002_SED_X009_Y012.png,1.6415647156210451,1.645301513253012,9.833694511614238
400,SED,Grp_002_SED_X009_Y013.png,1.6447063099078587,1.645301513253012,9.827249497369788
400,SED,Grp_002_SED_X009_Y014.png,1.64944064784277,1.645301513253012,7.970753624308515
400,SED,Grp_002_SED_X009_Y015.png,1.6395073873387236,1.6354494083832334,9.498584379104535
400,SED,Grp_002_SED_X009_Y016.png,1.6460393016740755,1.645301513253012,9.597219962995807
400,SED,Grp_002_SED_X009_Y017.png,1.64691987442851,1.645301513253012,8.305532496305258
400,SED,Grp_002_SED_X009_Y018.png,1.6422209475815541,1.645301513253012,8.987729652354597
400,SED,Grp_002_SED_X010_Y000.png,1.645698687197788,1.645301513253012,10.180612784443166
400,SED,Grp_002_SED_X010_Y001.png,1.6425058265660204,1.645301513253012,9.187626799119018
400,SED,Grp_002_SED_X010_Y002.png,1.6422938348133247,1.645301513253012,9.168115353898509
400,SED,Grp_002_SED_X010_Y003.png,1.6427173144202816,1.645301513253012,9.287657267667822
400,SED,Grp_002_SED_X010_Y004.png,1.644086909401698,1.645301513253012,10.218990250202838
400,SED,Grp_002_SED_X010_Y005.png,1.6421601792796576,1.645301513253012,9.598233974636031
400,SED,Grp_002_SED_X010_Y006.png,1.6429820378563482,1.645301513253012,9.16440241840305
400,SED,Grp_002_SED_X010_Y007.png,1.6437797143664872,1.645301513253012,9.2135331305591
400,SED,Grp_002_SED_X010_Y008.png,1.6464596448322228,1.645301513253012,10.339428753315307
400,SED,Grp_002_SED_X010_Y009.png,1.645565563840043,1.645301513253012,10.538019577034902
400,SED,Grp_002_SED_X010_Y010.png,1.6429137249971921,1.645301513253012,9.750176262557646
400,SED,Grp_002_SED_X010_Y011.png,1.645402113519791,1.645301513253012,8.32901439052334
400,SED,Grp_002_SED_X010_Y012.png,1.6431499666159832,1.645301513253012,9.151979588205226
400,SED,Grp_002_SED_X010_Y013.png,1.6443890237887853,1.645301513253012,9.876928663350899
400,SED,Grp_002_SED_X010_Y014.png,1.6415273047389882,1.645301513253012,9.525281694368115
400,SED,Grp_002_SED_X010_Y015.png,1.6428891282359297,1.645301513253012,9.65751801642715
400,SED,Grp_002_SED_X010_Y016.png,1.6442178915469934,1.645301513253012,10.128097531165661
400,SED,Grp_002_SED_X010_Y017.png,1.6377189809317863,1.6354494083832334,10.567875695623647
400,SED,Grp_002_SED_X010_Y018.png,1.6409943642515692,1.645301513253012,10.10883482293847
400,SED,Grp_002_SED_X011_Y000.png,1.6472000418007429,1.645301513253012,9.76047630478801
400,SED,Grp_002_SED_X011_Y001.png,1.6451902748551848,1.645301513253012,7.9044279660888055
400,SED,Grp_002_SED_X011_Y002.png,1.6469295159277784,1.645301513253012,8.726332762005354
400,SED,Grp_002_SED_X011_Y003.png,1.6455694461826422,1.645301513253012,9.653188162164005
400,SED,Grp_002_SED_X011_Y004.png,1.6443312560192838,1.645301513253012,10.350802458078395
400,SED,Grp_002_SED_X011_Y005.png,1.6448999971369156,1.645301513253012,9.293315231055677
400,SED,Grp_002_SED_X011_Y006.png,1.642908550146479,1.645301513253012,10.226937464582653
400,SED,Grp_002_SED_X011_Y007.png,1.6397131241452394,1.6354494083832334,9.07690583084979
400,SED,Grp_002_SED_X011_Y008.png,1.6422451045530544,1.645301513253012,8.377863502898292
400,SED,Grp_002_SED_X011_Y009.png,1.6424065764277966,1.645301513253012,8.996539780864985
400,SED,Grp_002_SED_X011_Y010.png,1.6417080062741933,1.645301513253012,9.747692460661378
400,SED,Grp_002_SED_X011_Y011.png,1.6425873053854922,1.645301513253012,9.989608205505414
400,SED,Grp_002_SED_X011_Y012.png,1.6419734624307154,1.645301513253012,9.089483714862745
400,SED,Grp_002_SED_X011_Y013.png,1.6443277341952505,1.645301513253012,9.399566949426768
400,SED,Grp_002_SED_X011_Y014.png,1.6433416073680294,1.645301513253012,10.086252211403085
400,SED,Grp_002_SED_X011_Y015.png,1.64309975512661,1.645301513253012,8.98099953120642
400,SED,Grp_002_SED_X011_Y016.png,1.6385276176031032,1.6354494083832334,9.623784790470152
400,SED,Grp_002_SED_X011_Y017.png,1.643303422904405,1.645301513253012,8.748248261751527
400,SED,Grp_002_SED_X011_Y018.png,1.6413783188263644,1.645301513253012,9.16491858759015
400,SED,Grp_002_SED_X012_Y000.png,1.6449246099336827,1.645301513253012,8.580224884293482
400,SED,Grp_002_SED_X012_Y001.png,1.6444220149924393,1.645301513253012,8.951606585735323
400,SED,Grp_002_SED_X012_Y002.png,1.645458579356906,1.645301513253012,8.58670776441347
400,SED,Grp_002_SED_X012_Y003.png,1.6441895121656576,1.645301513253012,9.513640206982771
400,SED,Grp_002_SED_X012_Y004.png,1.6477606089352308,1.645301513253012,9.582285668333183
400,SED,Grp_002_SED_X012_Y005.png,1.6407814289209672,1.645301513253012,9.25302178602078
400,SED,Grp_002_SED_X012_Y006.png,1.642195874748598,1.645301513253012,9.563148307569856
400,SED,Grp_002_SED_X012_Y007.png,1.6442493087805308,1.645301513253012,8.8796131123121
400,SED,Grp_002_SED_X012_Y008.png,1.6410305925809425,1.645301513253012,9.36851275156079
400,SED,Grp_002_SED_X012_Y009.png,1.637662640725314,1.6354494083832334,8.403363904226135
400,SED,Grp_002_SED_X012_Y010.png,1.6503866238426212,1.6552730375757574,9.64124734060804
400,SED,Grp_002_SED_X012_Y011.png,1.6445834312124366,1.645301513253012,9.733905477970762
400,SED,Grp_002_SED_X012_Y012.png,1.6423924214689154,1.645301513253012,9.471880694377907
400,SED,Grp_002_SED_X012_Y013.png,1.6404767470659856,1.645301513253012,9.001126943710668
400,SED,Grp_002_SED_X012_Y014.png,1.643537390880967,1.645301513253012,9.420166174995783
400,SED,Grp_002_SED_X012_Y015.png,1.645699337423252,1.645301513253012,9.651575648109368
400,SED,Grp_002_SED_X012_Y016.png,1.643032243150648,1.645301513253012,9.26757271343646
400,SED,Grp_002_SED_X012_Y017.png,1.6431346176240447,1.645301513253012,9.24268857154533
400,SED,Grp_002_SED_X012_Y018.png,1.6472301370692704,1.645301513253012,10.454748845438823
400,SED,Grp_002_SED_X013_Y000.png,1.6473256534503748,1.645301513253012,9.79246868448648
400,SED,Grp_002_SED_X013_Y001.png,1.6452294174799367,1.645301513253012,9.584051911425538
400,SED,Grp_002_SED_X013_Y002.png,1.6471261890454536,1.645301513253012,9.892584955661132
400,SED,Grp_002_SED_X013_Y003.png,1.645653926916325,1.645301513253012,9.563813819061869
400,SED,Grp_002_SED_X013_Y004.png,1.6435710564630472,1.645301513253012,10.135207935430214
400,SED,Grp_002_SED_X013_Y005.png,1.6444452904767923,1.645301513253012,9.576086478555474
400,SED,Grp_002_SED_X013_Y006.png,1.6476719123711456,1.645301513253012,9.39639713365896
400,SED,Grp_002_SED_X013_Y007.png,1.6451063492778355,1.645301513253012,9.852459016947336
400,SED,Grp_002_SED_X013_Y008.png,1.6472680753092654,1.645301513253012,9.848508385329447
400,SED,Grp_002_SED_X013_Y009.png,1.6440710971836707,1.645301513253012,10.000833689849626
400,SED,Grp_002_SED_X013_Y010.png,1.641595031104237,1.645301513253012,10.531468231722132
400,SED,Grp_002_SED_X013_Y011.png,1.6439412576755381,1.645301513253012,8.888938186007438
400,SED,Grp_002_SED_X013_Y012.png,1.6485347157163246,1.645301513253012,10.224783781799923
400,SED,Grp_002_SED_X013_Y013.png,1.6436098093821965,1.645301513253012,9.9200003305952
400,SED,Grp_002_SED_X013_Y014.png,1.6459859893853857,1.645301513253012,10.24692988503629
400,SED,Grp_002_SED_X013_Y015.png,1.6454764996893374,1.645301513253012,9.278296988887591
400,SED,Grp_002_SED_X013_Y016.png,1.638843142858853,1.6354494083832334,8.9734157545367
400,SED,Grp_002_SED_X013_Y017.png,1.6435264433925758,1.645301513253012,9.429662669876446
400,SED,Grp_002_SED_X013_Y018.png,1.6425482355653318,1.645301513253012,10.544372106076194
400,SED,Grp_002_SED_X014_Y000.png,1.6443899472821708,1.645301513253012,9.17945567017625
400,SED,Grp_002_SED_X014_Y001.png,1.6460583355268834,1.645301513253012,9.654516326923295
400,SED,Grp_002_SED_X014_Y002.png,1.6412428185444692,1.645301513253012,9.231766227737003
400,SED,Grp_002_SED_X014_Y003.png,1.648217424579736,1.645301513253012,9.385916145613807
400,SED,Grp_002_SED_X014_Y004.png,1.6451236538516127,1.645301513253012,8.725519551354383
400,SED,Grp_002_SED_X014_Y005.png,1.6474725485049866,1.645301513253012,9.216767105619144
400,SED,Grp_002_SED_X014_Y006.png,1.645788816622346,1.645301513253012,10.092256629229857
400,SED,Grp_002_SED_X014_Y007.png,1.6398916954857259,1.6354494083832334,10.886343092708099
400,SED,Grp_002_SED_X014_Y008.png,1.6428009568110502,1.645301513253012,9.695977583290393
400,SED,Grp_002_SED_X014_Y009.png,1.6447044488347593,1.645301513253012,9.389562345247432
400,SED,Grp_002_SED_X014_Y010.png,1.6401506837465902,1.6354494083832334,9.111826037699426
400,SED,Grp_002_SED_X014_Y011.png,1.6401817659885751,1.6354494083832334,9.141393459436777
400,SED,Grp_002_SED_X014_Y012.png,1.6429249332730704,1.645301513253012,10.6740037727225
400,SED,Grp_002_SED_X014_Y013.png,1.6419983819690223,1.645301513253012,8.003887094693232
400,SED,Grp_002_SED_X014_Y014.png,1.6470349324151115,1.645301513253012,9.30965731325782
400,SED,Grp_002_SED_X014_Y015.png,1.645644902314273,1.645301513253012,9.958167360487304
400,SED,Grp_002_SED_X014_Y016.png,1.6451498211207367,1.645301513253012,9.69697230104744
400,SED,Grp_002_SED_X014_Y017.png,1.6432691919701374,1.645301513253012,9.563375860141136
400,SED,Grp_002_SED_X014_Y018.png,1.6451788034911,1.645301513253012,8.82375878469404
400,SED,Grp_002_SED_X015_Y000.png,1.6445567260612537,1.645301513253012,9.643048894060765
400,SED,Grp_002_SED_X015_Y001.png,1.6448806203009307,1.645301513253012,9.398578083573701
400,SED,Grp_002_SED_X015_Y002.png,1.640136192934211,1.6354494083832334,9.764209088299841
400,SED,Grp_002_SED_X015_Y003.png,1.6426306765964467,1.645301513253012,9.73698090054077
400,SED,Grp_002_SED_X015_Y004.png,1.6447755288238044,1.645301513253012,9.625143208432657
400,SED,Grp_002_SED_X015_Y005.png,1.6468029858386195,1.645301513253012,9.625510729350365
400,SED,Grp_002_SED_X015_Y006.png,1.6478688685068377,1.645301513253012,10.110959903481184
400,SED,Grp_002_SED_X015_Y007.png,1.6503306138616625,1.6552730375757574,9.613287651620006
400,SED,Grp_002_SED_X015_Y008.png,1.6426300326938226,1.645301513253012,10.311209733957527
400,SED,Grp_002_SED_X015_Y009.png,1.6415653990611632,1.645301513253012,9.648200013638526
400,SED,Grp_002_SED_X015_Y010.png,1.6450985464269645,1.645301513253012,9.55578144524823
400,SED,Grp_002_SED_X015_Y011.png,1.6458541099119528,1.645301513253012,9.147843370313897
400,SED,Grp_002_SED_X015_Y012.png,1.647228742766794,1.645301513253012,9.026971214727496
400,SED,Grp_002_SED_X015_Y013.png,1.6466640275656141,1.645301513253012,9.875577137425031
400,SED,Grp_002_SED_X015_Y014.png,1.6428356065765721,1.645301513253012,9.314748602167178
400,SED,Grp_002_SED_X015_Y015.png,1.6388944299113286,1.6354494083832334,7.593910680531928
400,SED,Grp_002_SED_X015_Y016.png,1.647340914743677,1.645301513253012,10.874027381694825
400,SED,Grp_002_SED_X015_Y017.png,1.6450564334323707,1.645301513253012,9.993376078533128
400,SED,Grp_002_SED_X015_Y018.png,1.6403377460879702,1.6354494083832334,9.970469922629231
400,SED,Grp_002_SED_X016_Y000.png,1.6427530586314945,1.645301513253012,9.411430853722958
400,SED,Grp_002_SED_X016_Y001.png,1.6450353556722073,1.645301513253012,9.474103103783907
400,SED,Grp_002_SED_X016_Y002.png,1.6534838891227652,1.6552730375757574,9.63461295453477
400,SED,Grp_002_SED_X016_Y003.png,1.6444278561470866,1.645301513253012,10.92160902394932
400,SED,Grp_002_SED_X016_Y004.png,1.6432865378885833,1.645301513253012,9.498818712304281
400,SED,Grp_002_SED_X016_Y005.png,1.6442764439600015,1.645301513253012,10.372513967642657
400,SED,Grp_002_SED_X016_Y006.png,1.6465452818092219,1.645301513253012,9.342337022593895
400,SED,Grp_002_SED_X016_Y007.png,1.647238158358784,1.645301513253012,10.425985190441557
400,SED,Grp_002_SED_X016_Y008.png,1.649595834937139,1.645301513253012,9.981712828239367
400,SED,Grp_002_SED_X016_Y009.png,1.6495598194947378,1.645301513253012,9.122049902091957
400,SED,Grp_002_SED_X016_Y010.png,1.646506952961933,1.645301513253012,8.235245009093342
400,SED,Grp_002_SED_X016_Y011.png,1.6468430961706164,1.645301513253012,9.431418836493231
400,SED,Grp_002_SED_X016_Y012.png,1.6447358626224176,1.645301513253012,10.118888875539286
400,SED,Grp_002_SED_X016_Y013.png,1.6442482731761183,1.645301513253012,10.102629565304875
400,SED,Grp_002_SED_X016_Y014.png,1.643689235117453,1.645301513253012,9.917345734196129
400,SED,Grp_002_SED_X016_Y015.png,1.6427522099729706,1.645301513253012,8.604763125674834
400,SED,Grp_002_SED_X016_Y016.png,1.6411438509795169,1.645301513253012,9.667481721420499
400,SED,Grp_002_SED_X016_Y017.png,1.6427521014348927,1.645301513253012,9.131930961802125
400,SED,Grp_002_SED_X016_Y018.png,1.6439030644769708,1.645301513253012,9.804597663528073
400,SED,Grp_002_SED_X017_Y000.png,1.6434597146712455,1.645301513253012,9.01642243650884
400,SED,Grp_002_SED_X017_Y001.png,1.6457215286225824,1.645301513253012,9.294717949157302
400,SED,Grp_002_SED_X017_Y002.png,1.6414694183043756,1.645301513253012,9.819906545658714
400,SED,Grp_002_SED_X017_Y003.png,1.6463079837277759,1.645301513253012,10.259354228712468
400,SED,Grp_002_SED_X017_Y004.png,1.644046264052274,1.645301513253012,9.420072751977827
400,SED,Grp_002_SED_X017_Y005.png,1.640859900876431,1.645301513253012,10.05699534159893
400,SED,Grp_002_SED_X017_Y006.png,1.643803396550032,1.645301513253012,9.290709563558227
400,SED,Grp_002_SED_X017_Y007.png,1.645188242955794,1.645301513253012,10.0893802327992
400,SED,Grp_002_SED_X017_Y008.png,1.6441970052140018,1.645301513253012,10.175935774682342
400,SED,Grp_002_SED_X017_Y009.png,1.6447978638959564,1.645301513253012,10.558139411422875
400,SED,Grp_002_SED_X017_Y010.png,1.6424231653473902,1.645301513253012,10.033572781906129
400,SED,Grp_002_SED_X017_Y011.png,1.644600357594742,1.645301513253012,8.761404155243794
400,SED,Grp_002_SED_X017_Y012.png,1.64078619027584,1.645301513253012,9.205417737645842
400,SED,Grp_002_SED_X017_Y013.png,1.6446315190472673,1.645301513253012,9.252452816645345
400,SED,Grp_002_SED_X017_Y014.png,1.6439453757050964,1.645301513253012,9.214930363655768
400,SED,Grp_002_SED_X017_Y015.png,1.6412848483060538,1.645301513253012,8.632287941421234
400,SED,Grp_002_SED_X017_Y016.png,1.6473728839464943,1.645301513253012,9.13190968577011
400,SED,Grp_002_SED_X017_Y017.png,1.6433290032052468,1.645301513253012,10.789985790172267
400,SED,Grp_002_SED_X017_Y018.png,1.6363888539229445,1.6354494083832334,9.179778766815957
400,SED,Grp_002_SED_X018_Y000.png,1.6449364648114972,1.645301513253012,9.302205721167349
400,SED,Grp_002_SED_X018_Y001.png,1.6467770309953407,1.645301513253012,9.605553573506375
400,SED,Grp_002_SED_X018_Y002.png,1.6494714838518805,1.645301513253012,9.837980361110029
400,SED,Grp_002_SED_X018_Y003.png,1.6447027876718716,1.645301513253012,10.577650496645834
400,SED,Grp_002_SED_X018_Y004.png,1.6496914260772524,1.645301513253012,9.308053838338504
400,SED,Grp_002_SED_X018_Y005.png,1.6461182623974082,1.645301513253012,9.945628060542216
400,SED,Grp_002_SED_X018_Y006.png,1.6413537753045255,1.645301513253012,9.598697203356293
400,SED,Grp_002_SED_X018_Y007.png,1.646474902699655,1.645301513253012,10.242266147880036
400,SED,Grp_002_SED_X018_Y008.png,1.6444243997633239,1.645301513253012,8.763111758067664
400,SED,Grp_002_SED_X018_Y009.png,1.6487325262123615,1.645301513253012,9.449863032393049
400,SED,Grp_002_SED_X018_Y010.png,1.6455835530397813,1.645301513253012,10.469825499597698
400,SED,Grp_002_SED_X018_Y011.png,1.647478763887154,1.645301513253012,9.442588434017416
400,SED,Grp_002_SED_X018_Y012.png,1.6438400476574193,1.645301513253012,8.871055683270143
400,SED,Grp_002_SED_X018_Y013.png,1.6486130981035128,1.645301513253012,9.35006914022745
400,SED,Grp_002_SED_X018_Y014.png,1.645309350398007,1.645301513253012,9.127875022366851
400,SED,Grp_002_SED_X018_Y015.png,1.6444918271314184,1.645301513253012,8.860820502213361
400,SED,Grp_002_SED_X018_Y016.png,1.6456380721886295,1.645301513253012,10.835896161941232
400,SED,Grp_002_SED_X018_Y017.png,1.641777718037666,1.645301513253012,9.379097668791662
400,SED,Grp_002_SED_X018_Y018.png,1.6440551895110405,1.645301513253012,8.996802389172187
400,BED-S,Grp_002_BED-S_X000_Y000.png,1.6442968042003903,1.645301513253012,9.753395436814412
400,BED-S,Grp_002_BED-S_X000_Y001.png,1.6419805316211686,1.645301513253012,8.683662053670808
400,BED-S,Grp_002_BED-S_X000_Y002.png,1.6428618311230043,1.645301513253012,9.387960094101032
400,BED-S,Grp_002_BED-S_X000_Y003.png,1.646897803867966,1.645301513253012,9.803936502796155
400,BED-S,Grp_002_BED-S_X000_Y004.png,1.6397523919905053,1.6354494083832334,10.444077267200225
400,BED-S,Grp_002_BED-S_X000_Y005.png,1.6486514266326355,1.645301513253012,9.95097271430819
400,BED-S,Grp_002_BED-S_X000_Y006.png,1.6413256945266763,1.645301513253012,10.029349448347869
400,BED-S,Grp_002_BED-S_X000_Y007.png,1.6468299802563142,1.645301513253012,9.412220448562422
400,BED-S,Grp_002_BED-S_X000_Y008.png,1.6398482055515113,1.6354494083832334,9.264431288789726
400,BED-S,Grp_002_BED-S_X000_Y009.png,1.6424127512454099,1.645301513253012,8.960986814734733
400,BED-S,Grp_002_BED-S_X000_Y010.png,1.6428183535158114,1.645301513253012,8.86393130075352
400,BED-S,Grp_002_BED-S_X000_Y011.png,1.6458374292340947,1.645301513253012,9.590772096681444
400,BED-S,Grp_002_BED-S_X000_Y012.png,1.6436730809989164,1.645301513253012,10.304264128218378
400,BED-S,Grp_002_BED-S_X000_Y013.png,1.6415598113997207,1.645301513253012,9.262063609167773
400,BED-S,Grp_002_BED-S_X000_Y014.png,1.6409694866572737,1.645301513253012,9.335331821634009
400,BED-S,Grp_002_BED-S_X000_Y015.png,1.6388382700660231,1.6354494083832334,10.129114531585795
400,BED-S,Grp_002_BED-S_X000_Y016.png,1.6437484809351708,1.645301513253012,9.952052196766097
400,BED-S,Grp_002_BED-S_X000_Y017.png,1.642943209081711,1.645301513253012,9.172443960775162
400,BED-S,Grp_002_BED-S_X000_Y018.png,1.6439875024985444,1.645301513253012,10.21262815292472
400,BED-S,Grp_002_BED-S_X001_Y000.png,1.6448510679088357,1.645301513253012,10.929401157421637
400,BED-S,Grp_002_BED-S_X001_Y001.png,1.6477106812612876,1.645301513253012,9.330212819167087
400,BED-S,Grp_002_BED-S_X001_Y002.png,1.6447753559166465,1.645301513253012,9.967392317264196
400,BED-S,Grp_002_BED-S_X001_Y003.png,1.644457676618562,1.645301513253012,9.410490107362845
400,BED-S,Grp_002_BED-S_X001_Y004.png,1.648574635809912,1.645301513253012,8.876039388517142
400,BED-S,Grp_002_BED-S_X001_Y005.png,1.6431554746259118,1.645301513253012,9.939968404864679
400,BED-S,Grp_002_BED-S_X001_Y006.png,1.647726834875081,1.645301513253012,9.229926132082038
400,BED-S,Grp_002_BED-S_X001_Y007.png,1.6426473451445525,1.645301513253012,10.699074960926025
400,BED-S,Grp_002_BED-S_X001_Y008.png,1.6440505748871266,1.645301513253012,9.939391431516887
400,BED-S,Grp_002_BED-S_X001_Y009.png,1.6445772897485116,1.645301513253012,10.06747358793774
400,BED-S,Grp_002_BED-S_X001_Y010.png,1.6390752193851188,1.6354494083832334,9.10602061342621
400,BED-S,Grp_002_BED-S_X001_Y011.png,1.641417060020216,1.645301513253012,9.759111298605507
400,BED-S,Grp_002_BED-S_X001_Y012.png,1.6458746030148508,1.645301513253012,9.180105588182261
400,BED-S,Grp_002_BED-S_X001_Y013.png,1.646545077780867,1.645301513253012,10.185923391423248
400,BED-S,Grp_002_BED-S_X001_Y014.png,1.6405435173067389,1.645301513253012,9.3852472008071
400,BED-S,Grp_002_BED-S_X001_Y015.png,1.6468317301678168,1.645301513253012,9.249624233341802
400,BED-S,Grp_002_BED-S_X001_Y016.png,1.6403912544374308,1.645301513253012,9.991035337742153
400,BED-S,Grp_002_BED-S_X001_Y017.png,1.6407309086497683,1.645301513253012,9.195929016838699
400,BED-S,Grp_002_BED-S_X001_Y018.png,1.642269143096982,1.645301513253012,9.933074657729085
400,BED-S,Grp_002_BED-S_X002_Y000.png,1.643361530908774,1.645301513253012,10.006126926712863
400,BED-S,Grp_002_BED-S_X002_Y001.png,1.6464122775876928,1.645301513253012,8.821359210755933
400,BED-S,Grp_002_BED-S_X002_Y002.png,1.6470415977673676,1.645301513253012,9.964447482762262
400,BED-S,Grp_002_BED-S_X002_Y003.png,1.6416263972340097,1.645301513253012,8.928136362259703
400,BED-S,Grp_002_BED-S_X002_Y004.png,1.6434931688371448,1.645301513253012,10.113283732081412
400,BED-S,Grp_002_BED-S_X002_Y005.png,1.6440865064750534,1.645301513253012,10.11779684625136
400,BED-S,Grp_002_BED-S_X002_Y006.png,1.6423222974308926,1.645301513253012,9.97609861579136
400,BED-S,Grp_002_BED-S_X002_Y007.png,1.6441350336974117,1.645301513253012,9.52090182045946
400,BED-S,Grp_002_BED-S_X002_Y008.png,1.6431683151656113,1.645301513253012,10.544640101087335
400,BED-S,Grp_002_BED-S_X002_Y009.png,1.644590448369592,1.645301513253012,10.43592315727906
400,BED-S,Grp_002_BED-S_X002_Y010.png,1.6434165430685104,1.645301513253012,10.145149269466508
400,BED-S,Grp_002_BED-S_X002_Y011.png,1.647131309446004,1.645301513253012,9.252979505297606
400,BED-S,Grp_002_BED-S_X002_Y012.png,1.6459143881865055,1.645301513253012,9.410422572430777
400,BED-S,Grp_002_BED-S_X002_Y013.png,1.6438187811296026,1.645301513253012,10.159287488783518
400,BED-S,Grp_002_BED-S_X002_Y014.png,1.643965682117187,1.645301513253012,9.539736014222388
400,BED-S,Grp_002_BED-S_X002_Y015.png,1.6420023044468037,1.645301513253012,9.266946000934905
400,BED-S,Grp_002_BED-S_X002_Y016.png,1.643941640771849,1.645301513253012,8.817044040937985
400,BED-S,Grp_002_BED-S_X002_Y017.png,1.6442606834140303,1.645301513253012,9.824808927250855
400,BED-S,Grp_002_BED-S_X002_Y018.png,1.641040770890341,1.645301513253012,8.834894877478614
400,BED-S,Grp_002_BED-S_X003_Y000.png,1.6464145011031257,1.645301513253012,9.779070113199687
400,BED-S,Grp_002_BED-S_X003_Y001.png,1.6464438570061823,1.645301513253012,9.84656458066184
400,BED-S,Grp_002_BED-S_X003_Y002.png,1.6442336088773162,1.645301513253012,9.659070561591086
400,BED-S,Grp_002_BED-S_X003_Y003.png,1.6448807841145154,1.645301513253012,8.578399244760035
400,BED-S,Grp_002_BED-S_X003_Y004.png,1.6443657763081383,1.645301513253012,9.183335010927577
400,BED-S,Grp_002_BED-S_X003_Y005.png,1.6470404523728857,1.645301513253012,9.87747655964335
400,BED-S,Grp_002_BED-S_X003_Y006.png,1.6476023213915123,1.645301513253012,9.787642222390533
400,BED-S,Grp_002_BED-S_X003_Y007.png,1.6434643537015403,1.645301513253012,10.128896854070295
400,BED-S,Grp_002_BED-S_X003_Y008.png,1.6435147981156302,1.645301513253012,8.933415017880307
400,BED-S,Grp_002_BED-S_X003_Y009.png,1.6440295250336745,1.645301513253012,9.932615424205181
400,BED-S,Grp_002_BED-S_X003_Y010.png,1.6460667890685947,1.645301513253012,10.563168036516405
400,BED-S,Grp_002_BED-S_X003_Y011.png,1.638944487965776,1.6354494083832334,10.114091827457056
400,BED-S,Grp_002_BED-S_X003_Y012.png,1.6402462816482952,1.6354494083832334,9.318075893797108
400,BED-S,Grp_002_BED-S_X003_Y013.png,1.6432621476774207,1.645301513253012,10.041740694464487
400,BED-S,Grp_002_BED-S_X003_Y014.png,1.6458175241477868,1.645301513253012,9.861717952689688
400,BED-S,Grp_002_BED-S_X003_Y015.png,1.647061604774237,1.645301513253012,8.90654819569123
400,BED-S,Grp_002_BED-S_X003_Y016.png,1.6468686411498576,1.645301513253012,9.170118577492369
400,BED-S,Grp_002_BED-S_X003_Y017.png,1.6477888273762662,1.645301513253012,9.542721710910827
400,BED-S,Grp_002_BED-S_X003_Y018.png,1.6435593352170854,1.645301513253012,9.670731971522745
400,BED-S,Grp_002_BED-S_X004_Y000.png,1.6456079980397849,1.645301513253012,10.241007726436811
400,BED-S,Grp_002_BED-S_X004_Y001.png,1.6437827838281056,1.645301513253012,9.65491236562976
400,BED-S,Grp_002_BED-S_X004_Y002.png,1.6472204236214156,1.645301513253012,9.45730487678161
400,BED-S,Grp_002_BED-S_X004_Y003.png,1.6455553271805423,1.645301513253012,9.255086321631241
400,BED-S,Grp_002_BED-S_X004_Y004.png,1.6464464084078374,1.645301513253012,10.56690451295205
400,BED-S,Grp_002_BED-S_X004_Y005.png,1.6489622727129551,1.645301513253012,8.876239892188966
400,BED-S,Grp_002_BED-S_X004_Y006.png,1.6458798615945942,1.645301513253012,9.52222416431876
400,BED-S,Grp_002_BED-S_X004_Y007.png,1.6431291973409634,1.645301513253012,9.45419858524903
400,BED-S,Grp_002_BED-S_X004_Y008.png,1.6457491805555675,1.645301513253012,9.372625550164786
400,BED-S,Grp_002_BED-S_X004_Y009.png,1.6453426155530346,1.645301513253012,9.300269828466764
400,BED-S,Grp_002_BED-S_X004_Y010.png,1.641861029535192,1.645301513253012,9.808605372638901
400,BED-S,Grp_002_BED-S_X004_Y011.png,1.6506142231859784,1.6552730375757574,9.931053004149016
400,BED-S,Grp_002_BED-S_X004_Y012.png,1.644017961901877,1.645301513253012,8.939487053552751
400,BED-S,Grp_002_BED-S_X004_Y013.png,1.6408007107313263,1.645301513253012,9.333279371880094
400,BED-S,Grp_002_BED-S_X004_Y014.png,1.6432536726827955,1.645301513253012,9.727410947648082
400,BED-S,Grp_002_BED-S_X004_Y015.png,1.6403196872648007,1.6354494083832334,9.957149417719705
400,BED-S,Grp_002_BED-S_X004_Y016.png,1.6385507046474745,1.6354494083832334,9.39154181491837
400,BED-S,Grp_002_BED-S_X004_Y017.png,1.6448543050044033,1.645301513253012,9.487002589143735
400,BED-S,Grp_002_BED-S_X004_Y018.png,1.6453199453774672,1.645301513253012,9.65058399331192
400,BED-S,Grp_002_BED-S_X005_Y000.png,1.6396224646169832,1.6354494083832334,9.387820458305011
400,BED-S,Grp_002_BED-S_X005_Y001.png,1.643340427698883,1.645301513253012,8.68881237973567
400,BED-S,Grp_002_BED-S_X005_Y002.png,1.642589458404708,1.645301513253012,8.465326024627146
400,BED-S,Grp_002_BED-S_X005_Y003.png,1.6484485369707578,1.645301513253012,9.359388917141027
400,BED-S,Grp_002_BED-S_X005_Y004.png,1.6515946121828267,1.6552730375757574,10.246550991264646
400,BED-S,Grp_002_BED-S_X005_Y005.png,1.642817228457414,1.645301513253012,9.368989520145982
400,BED-S,Grp_002_BED-S_X005_Y006.png,1.6435443794549258,1.645301513253012,9.268346763118894
400,BED-S,Grp_002_BED-S_X005_Y007.png,1.6469564264101142,1.645301513253012,7.717251907527781
400,BED-S,Grp_002_BED-S_X005_Y008.png,1.6463117500214928,1.645301513253012,9.409079142461376
400,BED-S,Grp_002_BED-S_X005_Y009.png,1.6453433988655708,1.645301513253012,9.451861621747598
400,BED-S,Grp_002_BED-S_X005_Y010.png,1.6438257721092016,1.645301513253012,9.71519247339549
400,BED-S,Grp_002_BED-S_X005_Y011.png,1.640205391204884,1.6354494083832334,9.86016782054756
400,BED-S,Grp_002_BED-S_X005_Y012.png,1.6407241811941182,1.645301513253012,9.373655856961204
400,BED-S,Grp_002_BED-S_X005_Y013.png,1.6419284010912383,1.645301513253012,9.582661220578744
400,BED-S,Grp_002_BED-S_X005_Y014.png,1.6414550082793014,1.645301513253012,10.11377402349504
400,BED-S,Grp_002_BED-S_X005_Y015.png,1.6455150375315888,1.645301513253012,9.659711719668795
400,BED-S,Grp_002_BED-S_X005_Y016.png,1.64276952811663,1.645301513253012,9.446287141626538
400,BED-S,Grp_002_BED-S_X005_Y017.png,1.6414885134871369,1.645301513253012,10.408054616240634
400,BED-S,Grp_002_BED-S_X005_Y018.png,1.6462146570827891,1.645301513253012,9.205537295242925
400,BED-S,Grp_002_BED-S_X006_Y000.png,1.651152509639317,1.6552730375757574,9.19960683848131
400,BED-S,Grp_002_BED-S_X006_Y001.png,1.6473935571080187,1.645301513253012,9.889356553404182
400,BED-S,Grp_002_BED-S_X006_Y002.png,1.6407319522284316,1.645301513253012,10.144032069664382
400,BED-S,Grp_002_BED-S_X006_Y003.png,1.6411594167288253,1.645301513253012,8.702645007794397
400,BED-S,Grp_002_BED-S_X006_Y004.png,1.6434896521362548,1.645301513253012,9.884837649288963
400,BED-S,Grp_002_BED-S_X006_Y005.png,1.6404515505932604,1.645301513253012,9.278189239622991
400,BED-S,Grp_002_BED-S_X006_Y006.png,1.645188793921801,1.645301513253012,8.887964193607576
400,BED-S,Grp_002_BED-S_X006_Y007.png,1.644636184567537,1.645301513253012,7.665045558985215
400,BED-S,Grp_002_BED-S_X006_Y008.png,1.6410964938137889,1.645301513253012,8.937480332048064
400,BED-S,Grp_002_BED-S_X006_Y009.png,1.6411153537905507,1.645301513253012,8.87737059939395
400,BED-S,Grp_002_BED-S_X006_Y010.png,1.6439931932915275,1.645301513253012,9.377688789625191
400,BED-S,Grp_002_BED-S_X006_Y011.png,1.6420107386598088,1.645301513253012,10.085425657511754
400,BED-S,Grp_002_BED-S_X006_Y012.png,1.6453555087002574,1.645301513253012,9.635158298230813
400,BED-S,Grp_002_BED-S_X006_Y013.png,1.640877875609223,1.645301513253012,8.896398040856889
400,BED-S,Grp_002_BED-S_X006_Y014.png,1.6462199668881439,1.645301513253012,9.407326054322118
400,BED-S,Grp_002_BED-S_X006_Y015.png,1.6431952555886191,1.645301513253012,9.434158534148688
400,BED-S,Grp_002_BED-S_X006_Y016.png,1.6393381637212467,1.6354494083832334,9.156685721561107
400,BED-S,Grp_002_BED-S_X006_Y017.png,1.643876302851876,1.645301513253012,9.685302059802902
400,BED-S,Grp_002_BED-S_X006_Y018.png,1.6406496099489605,1.645301513253012,10.073224634561878
400,BED-S,Grp_002_BED-S_X007_Y000.png,1.6449067673560436,1.645301513253012,10.358501160283124
400,BED-S,Grp_002_BED-S_X007_Y001.png,1.6445295223566279,1.645301513253012,10.214360567443318
400,BED-S,Grp_002_BED-S_X007_Y002.png,1.6475703512764888,1.645301513253012,8.839727044287104
400,BED-S,Grp_002_BED-S_X007_Y003.png,1.642147732393185,1.645301513253012,10.258731092654108
400,BED-S,Grp_002_BED-S_X007_Y004.png,1.6463360275421624,1.645301513253012,10.346803993285107
400,BED-S,Grp_002_BED-S_X007_Y005.png,1.6462027631613332,1.645301513253012,9.711616704707389
400,BED-S,Grp_002_BED-S_X007_Y006.png,1.6454677656697787,1.645301513253012,9.94084982800911
400,BED-S,Grp_002_BED-S_X007_Y007.png,1.64212754891875,1.645301513253012,9.738576316555157
400,BED-S,Grp_002_BED-S_X007_Y008.png,1.642590845824795,1.645301513253012,9.878476106358313
400,BED-S,Grp_002_BED-S_X007_Y009.png,1.6462895093885561,1.645301513253012,9.84050199405102
400,BED-S,Grp_002_BED-S_X007_Y010.png,1.6429098626616263,1.645301513253012,9.395662017140205
400,BED-S,Grp_002_BED-S_X007_Y011.png,1.6437622551262552,1.645301513253012,10.160395329830807
400,BED-S,Grp_002_BED-S_X007_Y012.png,1.6440830611151036,1.645301513253012,10.18638810816547
400,BED-S,Grp_002_BED-S_X007_Y013.png,1.647247898370266,1.645301513253012,9.047138313976406
400,BED-S,Grp_002_BED-S_X007_Y014.png,1.644330243040263,1.645301513253012,9.613216342537173
400,BED-S,Grp_002_BED-S_X007_Y015.png,1.642366655001271,1.645301513253012,9.604257186878417
400,BED-S,Grp_002_BED-S_X007_Y016.png,1.6398543682488995,1.6354494083832334,9.980522499105218
400,BED-S,Grp_002_BED-S_X007_Y017.png,1.6382283290119832,1.6354494083832334,8.82666327322016
400,BED-S,Grp_002_BED-S_X007_Y018.png,1.640417606265284,1.645301513253012,10.46050104496677
400,BED-S,Grp_002_BED-S_X008_Y000.png,1.6465161319256876,1.645301513253012,9.393069813034682
400,BED-S,Grp_002_BED-S_X008_Y001.png,1.645293011797145,1.645301513253012,9.401563082615723
400,BED-S,Grp_002_BED-S_X008_Y002.png,1.6433717728886383,1.645301513253012,10.054889914347951
400,BED-S,Grp_002_BED-S_X008_Y003.png,1.6494444179570145,1.645301513253012,9.724125481258989
400,BED-S,Grp_002_BED-S_X008_Y004.png,1.6483328752268807,1.645301513253012,9.54968060342901
400,BED-S,Grp_002_BED-S_X008_Y005.png,1.6432026602769212,1.645301513253012,10.648372174694194
400,BED-S,Grp_002_BED-S_X008_Y006.png,1.6460839487145635,1.645301513253012,10.264194469457168
400,BED-S,Grp_002_BED-S_X008_Y007.png,1.6420762530087443,1.645301513253012,9.89302918678272
400,BED-S,Grp_002_BED-S_X008_Y008.png,1.6475671860566274,1.645301513253012,9.126770843905808
400,BED-S,Grp_002_BED-S_X008_Y009.png,1.645141659118786,1.645301513253012,9.496284385038026
400,BED-S,Grp_002_BED-S_X008_Y010.png,1.63776392196673,1.6354494083832334,5.676679496674611
400,BED-S,Grp_002_BED-S_X008_Y011.png,1.636230091484541,1.6354494083832334,5.790231079029096
400,BED-S,Grp_002_BED-S_X008_Y012.png,1.6451338328367984,1.645301513253012,9.544477196163534
400,BED-S,Grp_002_BED-S_X008_Y013.png,1.6466623245641565,1.645301513253012,10.269042395238873
400,BED-S,Grp_002_BED-S_X008_Y014.png,1.639790415942312,1.6354494083832334,8.088823111801874
400,BED-S,Grp_002_BED-S_X008_Y015.png,1.6433101308276992,1.645301513253012,9.702350073795579
400,BED-S,Grp_002_BED-S_X008_Y016.png,1.6489864031243284,1.645301513253012,9.322067099528207
400,BED-S,Grp_002_BED-S_X008_Y017.png,1.6436193289782868,1.645301513253012,9.66296015219901
400,BED-S,Grp_002_BED-S_X008_Y018.png,1.646627586460362,1.645301513253012,9.804267459626397
400,BED-S,Grp_002_BED-S_X009_Y000.png,1.6427632734838993,1.645301513253012,9.050901098327559
400,BED-S,Grp_002_BED-S_X009_Y001.png,1.6454680765742413,1.645301513253012,9.215514925862298
400,BED-S,Grp_002_BED-S_X009_Y002.png,1.6470779087011722,1.645301513253012,9.132519863477269
400,BED-S,Grp_002_BED-S_X009_Y003.png,1.6449793273080113,1.645301513253012,9.889107690707815
400,BED-S,Grp_002_BED-S_X009_Y004.png,1.6417344997548013,1.645301513253012,9.128041210626515
400,BED-S,Grp_002_BED-S_X009_Y005.png,1.6469705972105497,1.645301513253012,9.39711866710808
400,BED-S,Grp_002_BED-S_X009_Y006.png,1.6423474710105683,1.645301513253012,9.612282087623132
400,BED-S,Grp_002_BED-S_X009_Y007.png,1.6428559105482579,1.645301513253012,9.612924283140723
400,BED-S,Grp_002_BED-S_X009_Y008.png,1.641586725765477,1.645301513253012,11.454548937271445
400,BED-S,Grp_002_BED-S_X009_Y009.png,1.640887458294624,1.645301513253012,9.90627418754868
400,BED-S,Grp_002_BED-S_X009_Y010.png,1.6456399713117318,1.645301513253012,9.673614807035836
400,BED-S,Grp_002_BED-S_X009_Y011.png,1.6488984129637807,1.645301513253012,7.558356160821591
400,BED-S,Grp_002_BED-S_X009_Y012.png,1.6449894607250337,1.645301513253012,9.583108095164176
400,BED-S,Grp_002_BED-S_X009_Y013.png,1.6445090731257967,1.645301513253012,10.703299618138216
400,BED-S,Grp_002_BED-S_X009_Y014.png,1.646869510819486,1.645301513253012,8.888727853971034
400,BED-S,Grp_002_BED-S_X009_Y015.png,1.6436196842646347,1.645301513253012,8.939617860685816
400,BED-S,Grp_002_BED-S_X009_Y016.png,1.641047046432717,1.645301513253012,10.268294083418924
400,BED-S,Grp_002_BED-S_X009_Y017.png,1.646251165853806,1.645301513253012,9.434450253827336
400,BED-S,Grp_002_BED-S_X009_Y018.png,1.642185676184667,1.645301513253012,9.228444363424268
400,BED-S,Grp_002_BED-S_X010_Y000.png,1.6492160664118518,1.645301513253012,8.802191271984675
400,BED-S,Grp_002_BED-S_X010_Y001.png,1.6431924723262639,1.645301513253012,9.65922294564603
400,BED-S,Grp_002_BED-S_X010_Y002.png,1.6412634832181534,1.645301513253012,9.153415497206641
400,BED-S,Grp_002_BED-S_X010_Y003.png,1.641589036932199,1.645301513253012,9.132746797832635
400,BED-S,Grp_002_BED-S_X010_Y004.png,1.6418659197248677,1.645301513253012,9.894467350142763
400,BED-S,Grp_002_BED-S_X010_Y005.png,1.6407865371730743,1.645301513253012,8.85316744855697
400,BED-S,Grp_002_BED-S_X010_Y006.png,1.6436288990097838,1.645301513253012,8.65440514443689
400,BED-S,Grp_002_BED-S_X010_Y007.png,1.643543954894286,1.645301513253012,9.816800193493405
400,BED-S,Grp_002_BED-S_X010_Y008.png,1.6441640300631188,1.645301513253012,9.944890993756617
400,BED-S,Grp_002_BED-S_X010_Y009.png,1.6464170834923042,1.645301513253012,9.950145034610099
400,BED-S,Grp_002_BED-S_X010_Y010.png,1.6477262312837029,1.645301513253012,10.309228986241763
400,BED-S,Grp_002_BED-S_X010_Y011.png,1.6471893117239287,1.645301513253012,8.845859008834333
400,BED-S,Grp_002_BED-S_X010_Y012.png,1.6460523769598705,1.645301513253012,9.756969586459157
400,BED-S,Grp_002_BED-S_X010_Y013.png,1.6447199535812906,1.645301513253012,9.75284314237606
400,BED-S,Grp_002_BED-S_X010_Y014.png,1.643398632336264,1.645301513253012,9.667020377595055
400,BED-S,Grp_002_BED-S_X010_Y015.png,1.6399695491990514,1.6354494083832334,9.198957373341344
400,BED-S,Grp_002_BED-S_X010_Y016.png,1.6440043672359317,1.645301513253012,10.207072473542569
400,BED-S,Grp_002_BED-S_X010_Y017.png,1.6445982572345599,1.645301513253012,9.707002095804114
400,BED-S,Grp_002_BED-S_X010_Y018.png,1.6407532139983196,1.645301513253012,8.74811527684274
400,BED-S,Grp_002_BED-S_X011_Y000.png,1.6437003557679972,1.645301513253012,10.05906946827716
400,BED-S,Grp_002_BED-S_X011_Y001.png,1.6435800529524642,1.645301513253012,8.934846959280344
400,BED-S,Grp_002_BED-S_X011_Y002.png,1.6447961538088234,1.645301513253012,9.843101597953874
400,BED-S,Grp_002_BED-S_X011_Y003.png,1.6458703612567378,1.645301513253012,8.976981248151862
400,BED-S,Grp_002_BED-S_X011_Y004.png,1.6502317726040316,1.645301513253012,9.416285467662307
400,BED-S,Grp_002_BED-S_X011_Y005.png,1.644394012804612,1.645301513253012,9.24852305419442
400,BED-S,Grp_002_BED-S_X011_Y006.png,1.6442897683050977,1.645301513253012,9.719269118343142
400,BED-S,Grp_002_BED-S_X011_Y007.png,1.6404138533813477,1.645301513253012,8.69823519285616
400,BED-S,Grp_002_BED-S_X011_Y008.png,1.6474534112596186,1.645301513253012,8.887908275247508
400,BED-S,Grp_002_BED-S_X011_Y009.png,1.642331697621413,1.645301513253012,9.443983344385499
400,BED-S,Grp_002_BED-S_X011_Y010.png,1.6417915950345816,1.645301513253012,9.641078731687792
400,BED-S,Grp_002_BED-S_X011_Y011.png,1.6427363505679666,1.645301513253012,9.779561765494712
400,BED-S,Grp_002_BED-S_X011_Y012.png,1.6400439071527846,1.6354494083832334,8.86650658573906
400,BED-S,Grp_002_BED-S_X011_Y013.png,1.644000027575136,1.645301513253012,8.379561599652725
400,BED-S,Grp_002_BED-S_X011_Y014.png,1.6484231099020275,1.645301513253012,9.196685640395946
400,BED-S,Grp_002_BED-S_X011_Y015.png,1.646482862503412,1.645301513253012,9.02539822448088
400,BED-S,Grp_002_BED-S_X011_Y016.png,1.6452091829778606,1.645301513253012,9.286977083479222
400,BED-S,Grp_002_BED-S_X011_Y017.png,1.6433270371641846,1.645301513253012,9.494910021415397
400,BED-S,Grp_002_BED-S_X011_Y018.png,1.636367898267064,1.6354494083832334,9.362310945852604
400,BED-S,Grp_002_BED-S_X012_Y000.png,1.6465754688301322,1.645301513253012,10.006037642720559
400,BED-S,Grp_002_BED-S_X012_Y001.png,1.6468688817104766,1.645301513253012,9.297263763650495
400,BED-S,Grp_002_BED-S_X012_Y002.png,1.6474310775386982,1.645301513253012,9.02780600604918
400,BED-S,Grp_002_BED-S_X012_Y003.png,1.6413521314014274,1.645301513253012,10.045924197459543
400,BED-S,Grp_002_BED-S_X012_Y004.png,1.6422279196913103,1.645301513253012,9.929806788604497
400,BED-S,Grp_002_BED-S_X012_Y005.png,1.640982412575598,1.645301513253012,9.244196446691632
400,BED-S,Grp_002_BED-S_X012_Y006.png,1.641372329544551,1.645301513253012,9.385073315348588
400,BED-S,Grp_002_BED-S_X012_Y007.png,1.6472426209303093,1.645301513253012,9.994106574882949
400,BED-S,Grp_002_BED-S_X012_Y008.png,1.6419440250078499,1.645301513253012,9.524730279985919
400,BED-S,Grp_002_BED-S_X012_Y009.png,1.6402577155951443,1.6354494083832334,8.531895597638735
400,BED-S,Grp_002_BED-S_X012_Y010.png,1.6475432571560529,1.645301513253012,10.646799264608836
400,BED-S,Grp_002_BED-S_X012_Y011.png,1.6443644996891849,1.645301513253012,10.442180833460384
400,BED-S,Grp_002_BED-S_X012_Y012.png,1.638086730069282,1.6354494083832334,8.838778251189963
400,BED-S,Grp_002_BED-S_X012_Y013.png,1.6372050544296397,1.6354494083832334,9.674254675847472
400,BED-S,Grp_002_BED-S_X012_Y014.png,1.6421070245697331,1.645301513253012,9.398913755795755
400,BED-S,Grp_002_BED-S_X012_Y015.png,1.6459947875986,1.645301513253012,9.687732356741966
400,BED-S,Grp_002_BED-S_X012_Y016.png,1.6425507853354548,1.645301513253012,9.877500788843323
400,BED-S,Grp_002_BED-S_X012_Y017.png,1.643878437879791,1.645301513253012,9.579314255475756
400,BED-S,Grp_002_BED-S_X012_Y018.png,1.647079118542489,1.645301513253012,10.352401097193962
400,BED-S,Grp_002_BED-S_X013_Y000.png,1.642928222447934,1.645301513253012,8.781040265131397
400,BED-S,Grp_002_BED-S_X013_Y001.png,1.6481288273250383,1.645301513253012,9.263674075378292
400,BED-S,Grp_002_BED-S_X013_Y002.png,1.6433651932957365,1.645301513253012,9.402748795663896
400,BED-S,Grp_002_BED-S_X013_Y003.png,1.6473018176384175,1.645301513253012,9.315835270380592
400,BED-S,Grp_002_BED-S_X013_Y004.png,1.6455115223996148,1.645301513253012,10.217200761226675
400,BED-S,Grp_002_BED-S_X013_Y005.png,1.6454408240455027,1.645301513253012,9.927099333830654
400,BED-S,Grp_002_BED-S_X013_Y006.png,1.6431729992457327,1.645301513253012,9.108736574183228
400,BED-S,Grp_002_BED-S_X013_Y007.png,1.6452998896417659,1.645301513253012,9.356724308015412
400,BED-S,Grp_002_BED-S_X013_Y008.png,1.6453560966391756,1.645301513253012,8.979040925821444
400,BED-S,Grp_002_BED-S_X013_Y009.png,1.6457742082959306,1.645301513253012,10.180606465646276
400,BED-S,Grp_002_BED-S_X013_Y010.png,1.6460724278164394,1.645301513253012,10.47450558184163
400,BED-S,Grp_002_BED-S_X013_Y011.png,1.6426190134057244,1.645301513253012,8.682471644246943
400,BED-S,Grp_002_BED-S_X013_Y012.png,1.6489213171062749,1.645301513253012,9.156401361120729
400,BED-S,Grp_002_BED-S_X013_Y013.png,1.6477302511821283,1.645301513253012,9.18360799293737
400,BED-S,Grp_002_BED-S_X013_Y014.png,1.6456023091841097,1.645301513253012,10.113065373453272
400,BED-S,Grp_002_BED-S_X013_Y015.png,1.6445113805180298,1.645301513253012,9.891870622208256
400,BED-S,Grp_002_BED-S_X013_Y016.png,1.6385259660696436,1.6354494083832334,9.59823552090346
400,BED-S,Grp_002_BED-S_X013_Y017.png,1.6425957602905323,1.645301513253012,9.46754501715217
400,BED-S,Grp_002_BED-S_X013_Y018.png,1.6477579166791918,1.645301513253012,9.88363223776844
400,BED-S,Grp_002_BED-S_X014_Y000.png,1.6502082815322272,1.645301513253012,9.96566052816029
400,BED-S,Grp_002_BED-S_X014_Y001.png,1.6464897821958413,1.645301513253012,9.34456615330478
400,BED-S,Grp_002_BED-S_X014_Y002.png,1.6481263450728907,1.645301513253012,9.386775785689581
400,BED-S,Grp_002_BED-S_X014_Y003.png,1.6485092849844065,1.645301513253012,10.094724984223802
400,BED-S,Grp_002_BED-S_X014_Y004.png,1.6443395287194134,1.645301513253012,9.842527179049062
400,BED-S,Grp_002_BED-S_X014_Y005.png,1.6496468576723151,1.645301513253012,9.057939802764064
400,BED-S,Grp_002_BED-S_X014_Y006.png,1.6478135864022887,1.645301513253012,9.982849844924848
400,BED-S,Grp_002_BED-S_X014_Y007.png,1.6388470263566002,1.6354494083832334,10.86573185838624
400,BED-S,Grp_002_BED-S_X014_Y008.png,1.639870044922175,1.6354494083832334,9.395421602263488
400,BED-S,Grp_002_BED-S_X014_Y009.png,1.6453877948794602,1.645301513253012,9.269567297218797
400,BED-S,Grp_002_BED-S_X014_Y010.png,1.6433293415527117,1.645301513253012,9.714049308235165
400,BED-S,Grp_002_BED-S_X014_Y011.png,1.6403447283779415,1.6354494083832334,9.086762819610046
400,BED-S,Grp_002_BED-S_X014_Y012.png,1.6479762325308662,1.645301513253012,10.667578906667378
400,BED-S,Grp_002_BED-S_X014_Y013.png,1.6402247494178508,1.6354494083832334,9.078994068924398
400,BED-S,Grp_002_BED-S_X014_Y014.png,1.6514174561578987,1.6552730375757574,9.184270455221903
400,BED-S,Grp_002_BED-S_X014_Y015.png,1.6449528156799205,1.645301513253012,10.053389828123466
400,BED-S,Grp_002_BED-S_X014_Y016.png,1.6411865487139,1.645301513253012,9.416199662822008
400,BED-S,Grp_002_BED-S_X014_Y017.png,1.6444492693053914,1.645301513253012,9.543738308618243
400,BED-S,Grp_002_BED-S_X014_Y018.png,1.6395430225895575,1.6354494083832334,9.195256132649973
400,BED-S,Grp_002_BED-S_X015_Y000.png,1.6408660869386948,1.645301513253012,10.137437934075798
400,BED-S,Grp_002_BED-S_X015_Y001.png,1.6432919529787204,1.645301513253012,10.24755697618582
400,BED-S,Grp_002_BED-S_X015_Y002.png,1.6399655705301512,1.6354494083832334,9.259103551958646
400,BED-S,Grp_002_BED-S_X015_Y003.png,1.64111965767909,1.645301513253012,10.23277956583574
400,BED-S,Grp_002_BED-S_X015_Y004.png,1.64238510942538,1.645301513253012,8.975804282478835
400,BED-S,Grp_002_BED-S_X015_Y005.png,1.6460685833148918,1.645301513253012,9.849241116714603
400,BED-S,Grp_002_BED-S_X015_Y006.png,1.6481855268001266,1.645301513253012,10.246448773839253
400,BED-S,Grp_002_BED-S_X015_Y007.png,1.6504922070911618,1.6552730375757574,9.601128245182169
400,BED-S,Grp_002_BED-S_X015_Y008.png,1.6480549616433293,1.645301513253012,9.41759884715195
400,BED-S,Grp_002_BED-S_X015_Y009.png,1.6399775318669971,1.6354494083832334,9.591081587604629
400,BED-S,Grp_002_BED-S_X015_Y010.png,1.642203456406082,1.645301513253012,8.880841074978214
400,BED-S,Grp_002_BED-S_X015_Y011.png,1.6442291343729112,1.645301513253012,9.139427499620735
400,BED-S,Grp_002_BED-S_X015_Y012.png,1.6435986564464684,1.645301513253012,10.289754854452822
400,BED-S,Grp_002_BED-S_X015_Y013.png,1.6441319992492942,1.645301513253012,10.29232901702565
400,BED-S,Grp_002_BED-S_X015_Y014.png,1.6455085811539352,1.645301513253012,9.58231031133522
400,BED-S,Grp_002_BED-S_X015_Y015.png,1.63902146503871,1.6354494083832334,6.937234785847414
400,BED-S,Grp_002_BED-S_X015_Y016.png,1.6481263855354402,1.645301513253012,11.048841312281949
400,BED-S,Grp_002_BED-S_X015_Y017.png,1.646991935892868,1.645301513253012,9.104171808739217
400,BED-S,Grp_002_BED-S_X015_Y018.png,1.6406316992991288,1.645301513253012,9.43941892024936
400,BED-S,Grp_002_BED-S_X016_Y000.png,1.6428664870103034,1.645301513253012,9.312343296081568
400,BED-S,Grp_002_BED-S_X016_Y001.png,1.6436835698186785,1.645301513253012,9.378343743540622
400,BED-S,Grp_002_BED-S_X016_Y002.png,1.6495001175613329,1.645301513253012,9.414314091457989
400,BED-S,Grp_002_BED-S_X016_Y003.png,1.6456237287231286,1.645301513253012,10.613838381207144
400,BED-S,Grp_002_BED-S_X016_Y004.png,1.645675693643553,1.645301513253012,9.269673507800768
400,BED-S,Grp_002_BED-S_X016_Y005.png,1.6450437620736384,1.645301513253012,9.77794584867794
400,BED-S,Grp_002_BED-S_X016_Y006.png,1.6438364118282967,1.645301513253012,9.87741810627108
400,BED-S,Grp_002_BED-S_X016_Y007.png,1.6466638462349137,1.645301513253012,9.640514684585089
400,BED-S,Grp_002_BED-S_X016_Y008.png,1.6454969998352205,1.645301513253012,10.883256730466565
400,BED-S,Grp_002_BED-S_X016_Y009.png,1.6460622609007491,1.645301513253012,7.952145995232867
400,BED-S,Grp_002_BED-S_X016_Y010.png,1.6417141810605616,1.645301513253012,6.642413606232037
400,BED-S,Grp_002_BED-S_X016_Y011.png,1.6441649812119314,1.645301513253012,10.06676579423502
400,BED-S,Grp_002_BED-S_X016_Y012.png,1.6440039000427722,1.645301513253012,9.318602151113996
400,BED-S,Grp_002_BED-S_X016_Y013.png,1.647649499001975,1.645301513253012,9.616559299828042
400,BED-S,Grp_002_BED-S_X016_Y014.png,1.6411489870944402,1.645301513253012,9.736876642903834
400,BED-S,Grp_002_BED-S_X016_Y015.png,1.6387806741318403,1.6354494083832334,8.727635197755307
400,BED-S,Grp_002_BED-S_X016_Y016.png,1.6433439781342782,1.645301513253012,9.100182354707366
400,BED-S,Grp_002_BED-S_X016_Y017.png,1.6408650147794481,1.645301513253012,9.211443623815713
400,BED-S,Grp_002_BED-S_X016_Y018.png,1.6519298004510974,1.6552730375757574,9.940665747786122
400,BED-S,Grp_002_BED-S_X017_Y000.png,1.641458173802918,1.645301513253012,9.050511322094703
400,BED-S,Grp_002_BED-S_X017_Y001.png,1.6432257496558702,1.645301513253012,11.049095254008714
400,BED-S,Grp_002_BED-S_X017_Y002.png,1.6459001310355421,1.645301513253012,10.084539675461679
400,BED-S,Grp_002_BED-S_X017_Y003.png,1.646755073464298,1.645301513253012,10.062743885287217
400,BED-S,Grp_002_BED-S_X017_Y004.png,1.6448686456104495,1.645301513253012,9.750987750668605
400,BED-S,Grp_002_BED-S_X017_Y005.png,1.6401279632256909,1.6354494083832334,10.186678016823782
400,BED-S,Grp_002_BED-S_X017_Y006.png,1.6466408072610301,1.645301513253012,9.208371665231928
400,BED-S,Grp_002_BED-S_X017_Y007.png,1.6454117762075668,1.645301513253012,10.2624152905492
400,BED-S,Grp_002_BED-S_X017_Y008.png,1.642414170031395,1.645301513253012,10.103881392018863
400,BED-S,Grp_002_BED-S_X017_Y009.png,1.6448903318802026,1.645301513253012,9.199066991309358
400,BED-S,Grp_002_BED-S_X017_Y010.png,1.6447075261087996,1.645301513253012,9.642275904125164
400,BED-S,Grp_002_BED-S_X017_Y011.png,1.6478542603237554,1.645301513253012,8.837982078805705
400,BED-S,Grp_002_BED-S_X017_Y012.png,1.6463459984930633,1.645301513253012,9.455270247240682
400,BED-S,Grp_002_BED-S_X017_Y013.png,1.6439401746677182,1.645301513253012,10.334695082882353
400,BED-S,Grp_002_BED-S_X017_Y014.png,1.6373093034983608,1.6354494083832334,9.464516000024155
400,BED-S,Grp_002_BED-S_X017_Y015.png,1.643540874968608,1.645301513253012,10.388684025617792
400,BED-S,Grp_002_BED-S_X017_Y016.png,1.6430947133621214,1.645301513253012,9.961136759510135
400,BED-S,Grp_002_BED-S_X017_Y017.png,1.6418186659457394,1.645301513253012,9.92300262090142
400,BED-S,Grp_002_BED-S_X017_Y018.png,1.6432568595918289,1.645301513253012,7.958615368887519
400,BED-S,Grp_002_BED-S_X018_Y000.png,1.6497687197777058,1.645301513253012,9.441440327471735
400,BED-S,Grp_002_BED-S_X018_Y001.png,1.6462656787952485,1.645301513253012,10.870040775702593
400,BED-S,Grp_002_BED-S_X018_Y002.png,1.6449158432933895,1.645301513253012,10.003812370487445
400,BED-S,Grp_002_BED-S_X018_Y003.png,1.6487353261468145,1.645301513253012,9.745073784684205
400,BED-S,Grp_002_BED-S_X018_Y004.png,1.6486596174934298,1.645301513253012,9.896017244927856
400,BED-S,Grp_002_BED-S_X018_Y005.png,1.64727351994889,1.645301513253012,10.333894576779336
400,BED-S,Grp_002_BED-S_X018_Y006.png,1.6412286091889918,1.645301513253012,9.837023943945189
400,BED-S,Grp_002_BED-S_X018_Y007.png,1.6470125895707226,1.645301513253012,8.711433233875496
400,BED-S,Grp_002_BED-S_X018_Y008.png,1.6482413251158223,1.645301513253012,8.90396174602658
400,BED-S,Grp_002_BED-S_X018_Y009.png,1.6430336304267954,1.645301513253012,9.544839094030463
400,BED-S,Grp_002_BED-S_X018_Y010.png,1.6476326564633799,1.645301513253012,8.950263956464125
400,BED-S,Grp_002_BED-S_X018_Y011.png,1.643074168837527,1.645301513253012,9.465529749871077
400,BED-S,Grp_002_BED-S_X018_Y012.png,1.6448940832155348,1.645301513253012,9.430582175131555
400,BED-S,Grp_002_BED-S_X018_Y013.png,1.6462910990237076,1.645301513253012,9.553718904531259
400,BED-S,Grp_002_BED-S_X018_Y014.png,1.6489124138366142,1.645301513253012,8.389763462355559
400,BED-S,Grp_002_BED-S_X018_Y015.png,1.6425621570739584,1.645301513253012,9.29520535153733
400,BED-S,Grp_002_BED-S_X018_Y016.png,1.6439555930719127,1.645301513253012,10.773569835085137
400,BED-S,Grp_002_BED-S_X018_Y017.png,1.6435048276445712,1.645301513253012,9.640941367601416
400,BED-S,Grp_002_BED-S_X018_Y018.png,1.6459505541031545,1.645301513253012,8.98992602482498
