magnification,image_path,tile_x,tile_y,local_pitch_um,mag,base,det,stage_x_mm,stage_y_mm,stage_x_um,stage_y_um
1000,/Users/dawid/Library/Mobile Documents/com~apple~CloudDocs/Dokumenty/SEM_measurements/Calibration/mag1000_SED-BED/SED/Grp_003_SED_X000_Y000.png,0,0,1.64624770444444,1000,Grp_003_SED_X000_Y000,SED,6.483,14.712,6483.0,14712.0
1000,/Users/dawid/Library/Mobile Documents/com~apple~CloudDocs/Dokumenty/SEM_measurements/Calibration/mag1000_SED-BED/SED/Grp_003_SED_X000_Y001.png,0,1,1.642987808,1000,Grp_003_SED_X000_Y001,SED,6.483,14.724,6483.0,14724.0
1000,/Users/dawid/Library/Mobile Documents/com~apple~CloudDocs/Dokumenty/SEM_measurements/Calibration/mag1000_SED-BED/SED/Grp_003_SED_X000_Y002.png,0,2,1.645654996,1000,Grp_003_SED_X000_Y002,SED,6.483,14.737,6483.0,14737.0
1000,/Users/dawid/Library/Mobile Documents/com~apple~CloudDocs/Dokumenty/SEM_measurements/Calibration/mag1000_SED-BED/SED/Grp_003_SED_X000_Y003.png,0,3,1.64328416222222,1000,Grp_003_SED_X000_Y003,SED,6.483,14.75,6483.0,14750.0
1000,/Users/dawid/Library/Mobile Documents/com~apple~CloudDocs/Dokumenty/SEM_measurements/Calibration/mag1000_SED-BED/SED/Grp_003_SED_X000_Y004.png,0,4,1.64476593333333,1000,Grp_003_SED_X000_Y004,SED,6.483,14.762,6483.0,14762.0
1000,/Users/dawid/Library/Mobile Documents/com~apple~CloudDocs/Dokumenty/SEM_measurements/Calibration/mag1000_SED-BED/SED/Grp_003_SED_X000_Y005.png,0,5,1.64476593333333,1000,Grp_003_SED_X000_Y005,SED,6.484,14.775,6484.0,14775.0
1000,/Users/dawid/Library/Mobile Documents/com~apple~CloudDocs/Dokumenty/SEM_measurements/Calibration/mag1000_SED-BED/SED/Grp_003_SED_X000_Y006.png,0,6,1.64476593333333,1000,Grp_003_SED_X000_Y006,SED,6.483,14.787,6483.0,14787.0
1000,/Users/dawid/Library/Mobile Documents/com~apple~CloudDocs/Dokumenty/SEM_measurements/Calibration/mag1000_SED-BED/SED/Grp_003_SED_X000_Y007.png,0,7,1.64032062,1000,Grp_003_SED_X000_Y007,SED,6.484,14.8,6484.0,14800.0
1000,/Users/dawid/Library/Mobile Documents/com~apple~CloudDocs/Dokumenty/SEM_measurements/Calibration/mag1000_SED-BED/SED/Grp_003_SED_X001_Y000.png,1,0,1.64328416222222,1000,Grp_003_SED_X001_Y000,SED,6.466,14.712,6466.0,14712.0
1000,/Users/dawid/Library/Mobile Documents/com~apple~CloudDocs/Dokumenty/SEM_measurements/Calibration/mag1000_SED-BED/SED/Grp_003_SED_X001_Y001.png,1,1,1.64624770444444,1000,Grp_003_SED_X001_Y001,SED,6.466,14.724,6466.0,14724.0
1000,/Users/dawid/Library/Mobile Documents/com~apple~CloudDocs/Dokumenty/SEM_measurements/Calibration/mag1000_SED-BED/SED/Grp_003_SED_X001_Y002.png,1,2,1.644321402,1000,Grp_003_SED_X001_Y002,SED,6.466,14.737,6466.0,14737.0
1000,/Users/dawid/Library/Mobile Documents/com~apple~CloudDocs/Dokumenty/SEM_measurements/Calibration/mag1000_SED-BED/SED/Grp_003_SED_X001_Y003.png,1,3,1.641654214,1000,Grp_003_SED_X001_Y003,SED,6.467,14.75,6467.0,14750.0
1000,/Users/dawid/Library/Mobile Documents/com~apple~CloudDocs/Dokumenty/SEM_measurements/Calibration/mag1000_SED-BED/SED/Grp_003_SED_X001_Y004.png,1,4,1.64328416222222,1000,Grp_003_SED_X001_Y004,SED,6.466,14.762,6466.0,14762.0
1000,/Users/dawid/Library/Mobile Documents/com~apple~CloudDocs/Dokumenty/SEM_measurements/Calibration/mag1000_SED-BED/SED/Grp_003_SED_X001_Y005.png,1,5,1.63735707777778,1000,Grp_003_SED_X001_Y005,SED,6.467,14.775,6467.0,14775.0
1000,/Users/dawid/Library/Mobile Documents/com~apple~CloudDocs/Dokumenty/SEM_measurements/Calibration/mag1000_SED-BED/SED/Grp_003_SED_X001_Y006.png,1,6,1.63883884888889,1000,Grp_003_SED_X001_Y006,SED,6.466,14.787,6466.0,14787.0
1000,/Users/dawid/Library/Mobile Documents/com~apple~CloudDocs/Dokumenty/SEM_measurements/Calibration/mag1000_SED-BED/SED/Grp_003_SED_X001_Y007.png,1,7,1.63735707777778,1000,Grp_003_SED_X001_Y007,SED,6.467,14.8,6467.0,14800.0
1000,/Users/dawid/Library/Mobile Documents/com~apple~CloudDocs/Dokumenty/SEM_measurements/Calibration/mag1000_SED-BED/SED/Grp_003_SED_X002_Y000.png,2,0,1.64180239111111,1000,Grp_003_SED_X002_Y000,SED,6.449,14.712,6449.0,14712.0
1000,/Users/dawid/Library/Mobile Documents/com~apple~CloudDocs/Dokumenty/SEM_measurements/Calibration/mag1000_SED-BED/SED/Grp_003_SED_X002_Y001.png,2,1,1.64180239111111,1000,Grp_003_SED_X002_Y001,SED,6.45,14.724,6450.0,14724.0
1000,/Users/dawid/Library/Mobile Documents/com~apple~CloudDocs/Dokumenty/SEM_measurements/Calibration/mag1000_SED-BED/SED/Grp_003_SED_X002_Y002.png,2,2,1.644321402,1000,Grp_003_SED_X002_Y002,SED,6.449,14.737,6449.0,14737.0
1000,/Users/dawid/Library/Mobile Documents/com~apple~CloudDocs/Dokumenty/SEM_measurements/Calibration/mag1000_SED-BED/SED/Grp_003_SED_X002_Y003.png,2,3,1.645654996,1000,Grp_003_SED_X002_Y003,SED,6.45,14.75,6450.0,14750.0
1000,/Users/dawid/Library/Mobile Documents/com~apple~CloudDocs/Dokumenty/SEM_measurements/Calibration/mag1000_SED-BED/SED/Grp_003_SED_X002_Y004.png,2,4,1.64624770444444,1000,Grp_003_SED_X002_Y004,SED,6.449,14.762,6449.0,14762.0
1000,/Users/dawid/Library/Mobile Documents/com~apple~CloudDocs/Dokumenty/SEM_measurements/Calibration/mag1000_SED-BED/SED/Grp_003_SED_X002_Y005.png,2,5,1.64476593333333,1000,Grp_003_SED_X002_Y005,SED,6.45,14.775,6450.0,14775.0
1000,/Users/dawid/Library/Mobile Documents/com~apple~CloudDocs/Dokumenty/SEM_measurements/Calibration/mag1000_SED-BED/SED/Grp_003_SED_X002_Y006.png,2,6,1.64180239111111,1000,Grp_003_SED_X002_Y006,SED,6.449,14.787,6449.0,14787.0
1000,/Users/dawid/Library/Mobile Documents/com~apple~CloudDocs/Dokumenty/SEM_measurements/Calibration/mag1000_SED-BED/SED/Grp_003_SED_X002_Y007.png,2,7,1.63883884888889,1000,Grp_003_SED_X002_Y007,SED,6.45,14.8,6450.0,14800.0
1000,/Users/dawid/Library/Mobile Documents/com~apple~CloudDocs/Dokumenty/SEM_measurements/Calibration/mag1000_SED-BED/SED/Grp_003_SED_X003_Y000.png,3,0,1.64624770444444,1000,Grp_003_SED_X003_Y000,SED,6.432,14.712,6432.0,14712.0
1000,/Users/dawid/Library/Mobile Documents/com~apple~CloudDocs/Dokumenty/SEM_measurements/Calibration/mag1000_SED-BED/SED/Grp_003_SED_X003_Y001.png,3,1,1.64180239111111,1000,Grp_003_SED_X003_Y001,SED,6.433,14.724,6433.0,14724.0
1000,/Users/dawid/Library/Mobile Documents/com~apple~CloudDocs/Dokumenty/SEM_measurements/Calibration/mag1000_SED-BED/SED/Grp_003_SED_X003_Y002.png,3,2,1.64180239111111,1000,Grp_003_SED_X003_Y002,SED,6.432,14.737,6432.0,14737.0
1000,/Users/dawid/Library/Mobile Documents/com~apple~CloudDocs/Dokumenty/SEM_measurements/Calibration/mag1000_SED-BED/SED/Grp_003_SED_X003_Y003.png,3,3,1.64032062,1000,Grp_003_SED_X003_Y003,SED,6.433,14.75,6433.0,14750.0
1000,/Users/dawid/Library/Mobile Documents/com~apple~CloudDocs/Dokumenty/SEM_measurements/Calibration/mag1000_SED-BED/SED/Grp_003_SED_X003_Y004.png,3,4,1.64180239111111,1000,Grp_003_SED_X003_Y004,SED,6.432,14.762,6432.0,14762.0
1000,/Users/dawid/Library/Mobile Documents/com~apple~CloudDocs/Dokumenty/SEM_measurements/Calibration/mag1000_SED-BED/SED/Grp_003_SED_X003_Y005.png,3,5,1.637653432,1000,Grp_003_SED_X003_Y005,SED,6.433,14.775,6433.0,14775.0
1000,/Users/dawid/Library/Mobile Documents/com~apple~CloudDocs/Dokumenty/SEM_measurements/Calibration/mag1000_SED-BED/SED/Grp_003_SED_X003_Y006.png,3,6,1.64624770444444,1000,Grp_003_SED_X003_Y006,SED,6.432,14.787,6432.0,14787.0
1000,/Users/dawid/Library/Mobile Documents/com~apple~CloudDocs/Dokumenty/SEM_measurements/Calibration/mag1000_SED-BED/SED/Grp_003_SED_X003_Y007.png,3,7,1.8520286675,1000,Grp_003_SED_X003_Y007,SED,6.433,14.8,6433.0,14800.0
1000,/Users/dawid/Library/Mobile Documents/com~apple~CloudDocs/Dokumenty/SEM_measurements/Calibration/mag1000_SED-BED/SED/Grp_003_SED_X004_Y000.png,4,0,1.64772947555556,1000,Grp_003_SED_X004_Y000,SED,6.415,14.712,6415.0,14712.0
1000,/Users/dawid/Library/Mobile Documents/com~apple~CloudDocs/Dokumenty/SEM_measurements/Calibration/mag1000_SED-BED/SED/Grp_003_SED_X004_Y001.png,4,1,1.64328416222222,1000,Grp_003_SED_X004_Y001,SED,6.416,14.724,6416.0,14724.0
1000,/Users/dawid/Library/Mobile Documents/com~apple~CloudDocs/Dokumenty/SEM_measurements/Calibration/mag1000_SED-BED/SED/Grp_003_SED_X004_Y002.png,4,2,1.478955746,1000,Grp_003_SED_X004_Y002,SED,6.415,14.737,6415.0,14737.0
1000,/Users/dawid/Library/Mobile Documents/com~apple~CloudDocs/Dokumenty/SEM_measurements/Calibration/mag1000_SED-BED/SED/Grp_003_SED_X004_Y003.png,4,3,1.64180239111111,1000,Grp_003_SED_X004_Y003,SED,6.416,14.75,6416.0,14750.0
1000,/Users/dawid/Library/Mobile Documents/com~apple~CloudDocs/Dokumenty/SEM_measurements/Calibration/mag1000_SED-BED/SED/Grp_003_SED_X004_Y004.png,4,4,1.637653432,1000,Grp_003_SED_X004_Y004,SED,6.416,14.762,6416.0,14762.0
1000,/Users/dawid/Library/Mobile Documents/com~apple~CloudDocs/Dokumenty/SEM_measurements/Calibration/mag1000_SED-BED/SED/Grp_003_SED_X004_Y005.png,4,5,1.648322184,1000,Grp_003_SED_X004_Y005,SED,6.416,14.775,6416.0,14775.0
1000,/Users/dawid/Library/Mobile Documents/com~apple~CloudDocs/Dokumenty/SEM_measurements/Calibration/mag1000_SED-BED/SED/Grp_003_SED_X004_Y006.png,4,6,1.8386927275,1000,Grp_003_SED_X004_Y006,SED,6.416,14.787,6416.0,14787.0
1000,/Users/dawid/Library/Mobile Documents/com~apple~CloudDocs/Dokumenty/SEM_measurements/Calibration/mag1000_SED-BED/SED/Grp_003_SED_X004_Y007.png,4,7,1.63587530666667,1000,Grp_003_SED_X004_Y007,SED,6.416,14.8,6416.0,14800.0
1000,/Users/dawid/Library/Mobile Documents/com~apple~CloudDocs/Dokumenty/SEM_measurements/Calibration/mag1000_SED-BED/SED/Grp_003_SED_X005_Y000.png,5,0,1.64476593333333,1000,Grp_003_SED_X005_Y000,SED,6.399,14.712,6399.0,14712.0
1000,/Users/dawid/Library/Mobile Documents/com~apple~CloudDocs/Dokumenty/SEM_measurements/Calibration/mag1000_SED-BED/SED/Grp_003_SED_X005_Y001.png,5,1,1.64624770444444,1000,Grp_003_SED_X005_Y001,SED,6.399,14.724,6399.0,14724.0
1000,/Users/dawid/Library/Mobile Documents/com~apple~CloudDocs/Dokumenty/SEM_measurements/Calibration/mag1000_SED-BED/SED/Grp_003_SED_X005_Y002.png,5,2,1.64476593333333,1000,Grp_003_SED_X005_Y002,SED,6.399,14.737,6399.0,14737.0
1000,/Users/dawid/Library/Mobile Documents/com~apple~CloudDocs/Dokumenty/SEM_measurements/Calibration/mag1000_SED-BED/SED/Grp_003_SED_X005_Y003.png,5,3,1.556304198,1000,Grp_003_SED_X005_Y003,SED,6.399,14.75,6399.0,14750.0
1000,/Users/dawid/Library/Mobile Documents/com~apple~CloudDocs/Dokumenty/SEM_measurements/Calibration/mag1000_SED-BED/SED/Grp_003_SED_X005_Y004.png,5,4,1.64180239111111,1000,Grp_003_SED_X005_Y004,SED,6.399,14.762,6399.0,14762.0
1000,/Users/dawid/Library/Mobile Documents/com~apple~CloudDocs/Dokumenty/SEM_measurements/Calibration/mag1000_SED-BED/SED/Grp_003_SED_X005_Y005.png,5,5,1.52029716,1000,Grp_003_SED_X005_Y005,SED,6.399,14.775,6399.0,14775.0
1000,/Users/dawid/Library/Mobile Documents/com~apple~CloudDocs/Dokumenty/SEM_measurements/Calibration/mag1000_SED-BED/SED/Grp_003_SED_X005_Y006.png,5,6,1.64032062,1000,Grp_003_SED_X005_Y006,SED,6.399,14.787,6399.0,14787.0
1000,/Users/dawid/Library/Mobile Documents/com~apple~CloudDocs/Dokumenty/SEM_measurements/Calibration/mag1000_SED-BED/SED/Grp_003_SED_X005_Y007.png,5,7,1.64032062,1000,Grp_003_SED_X005_Y007,SED,6.399,14.8,6399.0,14800.0
1000,/Users/dawid/Library/Mobile Documents/com~apple~CloudDocs/Dokumenty/SEM_measurements/Calibration/mag1000_SED-BED/SED/Grp_003_SED_X006_Y000.png,6,0,1.64476593333333,1000,Grp_003_SED_X006_Y000,SED,6.382,14.712,6382.0,14712.0
1000,/Users/dawid/Library/Mobile Documents/com~apple~CloudDocs/Dokumenty/SEM_measurements/Calibration/mag1000_SED-BED/SED/Grp_003_SED_X006_Y001.png,6,1,1.63735707777778,1000,Grp_003_SED_X006_Y001,SED,6.382,14.724,6382.0,14724.0
1000,/Users/dawid/Library/Mobile Documents/com~apple~CloudDocs/Dokumenty/SEM_measurements/Calibration/mag1000_SED-BED/SED/Grp_003_SED_X006_Y002.png,6,2,1.54030107,1000,Grp_003_SED_X006_Y002,SED,6.382,14.737,6382.0,14737.0
1000,/Users/dawid/Library/Mobile Documents/com~apple~CloudDocs/Dokumenty/SEM_measurements/Calibration/mag1000_SED-BED/SED/Grp_003_SED_X006_Y003.png,6,3,1.565639356,1000,Grp_003_SED_X006_Y003,SED,6.382,14.75,6382.0,14750.0
1000,/Users/dawid/Library/Mobile Documents/com~apple~CloudDocs/Dokumenty/SEM_measurements/Calibration/mag1000_SED-BED/SED/Grp_003_SED_X006_Y004.png,6,4,1.58697686,1000,Grp_003_SED_X006_Y004,SED,6.382,14.762,6382.0,14762.0
1000,/Users/dawid/Library/Mobile Documents/com~apple~CloudDocs/Dokumenty/SEM_measurements/Calibration/mag1000_SED-BED/SED/Grp_003_SED_X006_Y005.png,6,5,1.610981552,1000,Grp_003_SED_X006_Y005,SED,6.382,14.775,6382.0,14775.0
1000,/Users/dawid/Library/Mobile Documents/com~apple~CloudDocs/Dokumenty/SEM_measurements/Calibration/mag1000_SED-BED/SED/Grp_003_SED_X006_Y006.png,6,6,1.48998820545455,1000,Grp_003_SED_X006_Y006,SED,6.382,14.787,6382.0,14787.0
1000,/Users/dawid/Library/Mobile Documents/com~apple~CloudDocs/Dokumenty/SEM_measurements/Calibration/mag1000_SED-BED/SED/Grp_003_SED_X006_Y007.png,6,7,1.49726235454545,1000,Grp_003_SED_X006_Y007,SED,6.382,14.8,6382.0,14800.0
1000,/Users/dawid/Library/Mobile Documents/com~apple~CloudDocs/Dokumenty/SEM_measurements/Calibration/mag1000_SED-BED/SED/Grp_003_SED_X007_Y000.png,7,0,1.64032062,1000,Grp_003_SED_X007_Y000,SED,6.365,14.712,6365.0,14712.0
1000,/Users/dawid/Library/Mobile Documents/com~apple~CloudDocs/Dokumenty/SEM_measurements/Calibration/mag1000_SED-BED/SED/Grp_003_SED_X007_Y001.png,7,1,1.64624770444444,1000,Grp_003_SED_X007_Y001,SED,6.365,14.725,6365.0,14725.0
1000,/Users/dawid/Library/Mobile Documents/com~apple~CloudDocs/Dokumenty/SEM_measurements/Calibration/mag1000_SED-BED/SED/Grp_003_SED_X007_Y002.png,7,2,1.63883884888889,1000,Grp_003_SED_X007_Y002,SED,6.365,14.737,6365.0,14737.0
1000,/Users/dawid/Library/Mobile Documents/com~apple~CloudDocs/Dokumenty/SEM_measurements/Calibration/mag1000_SED-BED/SED/Grp_003_SED_X007_Y003.png,7,3,1.63883884888889,1000,Grp_003_SED_X007_Y003,SED,6.365,14.75,6365.0,14750.0
1000,/Users/dawid/Library/Mobile Documents/com~apple~CloudDocs/Dokumenty/SEM_measurements/Calibration/mag1000_SED-BED/SED/Grp_003_SED_X007_Y004.png,7,4,1.64032062,1000,Grp_003_SED_X007_Y004,SED,6.365,14.762,6365.0,14762.0
1000,/Users/dawid/Library/Mobile Documents/com~apple~CloudDocs/Dokumenty/SEM_measurements/Calibration/mag1000_SED-BED/SED/Grp_003_SED_X007_Y005.png,7,5,1.64476593333333,1000,Grp_003_SED_X007_Y005,SED,6.365,14.775,6365.0,14775.0
1000,/Users/dawid/Library/Mobile Documents/com~apple~CloudDocs/Dokumenty/SEM_measurements/Calibration/mag1000_SED-BED/SED/Grp_003_SED_X007_Y006.png,7,6,1.64476593333333,1000,Grp_003_SED_X007_Y006,SED,6.365,14.787,6365.0,14787.0
1000,/Users/dawid/Library/Mobile Documents/com~apple~CloudDocs/Dokumenty/SEM_measurements/Calibration/mag1000_SED-BED/SED/Grp_003_SED_X007_Y007.png,7,7,1.641654214,1000,Grp_003_SED_X007_Y007,SED,6.365,14.8,6365.0,14800.0
750,/Users/dawid/Library/Mobile Documents/com~apple~CloudDocs/Dokumenty/SEM_measurements/Calibration/mag750_SED-BED/SED/Grp_001_SED_X000_Y000.png,0,0,1.65513833111111,750,Grp_001_SED_X000_Y000,SED,6.504,14.697,6504.0,14697.0
750,/Users/dawid/Library/Mobile Documents/com~apple~CloudDocs/Dokumenty/SEM_measurements/Calibration/mag750_SED-BED/SED/Grp_001_SED_X000_Y001.png,0,1,1.65069301777778,750,Grp_001_SED_X000_Y001,SED,6.504,14.71,6504.0,14710.0
750,/Users/dawid/Library/Mobile Documents/com~apple~CloudDocs/Dokumenty/SEM_measurements/Calibration/mag750_SED-BED/SED/Grp_001_SED_X000_Y002.png,0,2,1.65810187333333,750,Grp_001_SED_X000_Y002,SED,6.503,14.723,6503.0,14723.0
750,/Users/dawid/Library/Mobile Documents/com~apple~CloudDocs/Dokumenty/SEM_measurements/Calibration/mag750_SED-BED/SED/Grp_001_SED_X000_Y003.png,0,3,1.648322184,750,Grp_001_SED_X000_Y003,SED,6.504,14.735,6504.0,14735.0
750,/Users/dawid/Library/Mobile Documents/com~apple~CloudDocs/Dokumenty/SEM_measurements/Calibration/mag750_SED-BED/SED/Grp_001_SED_X000_Y004.png,0,4,1.649655778,750,Grp_001_SED_X000_Y004,SED,6.503,14.748,6503.0,14748.0
750,/Users/dawid/Library/Mobile Documents/com~apple~CloudDocs/Dokumenty/SEM_measurements/Calibration/mag750_SED-BED/SED/Grp_001_SED_X000_Y005.png,0,5,1.64772947555556,750,Grp_001_SED_X000_Y005,SED,6.504,14.76,6504.0,14760.0
750,/Users/dawid/Library/Mobile Documents/com~apple~CloudDocs/Dokumenty/SEM_measurements/Calibration/mag750_SED-BED/SED/Grp_001_SED_X000_Y006.png,0,6,1.64476593333333,750,Grp_001_SED_X000_Y006,SED,6.504,14.773,6504.0,14773.0
750,/Users/dawid/Library/Mobile Documents/com~apple~CloudDocs/Dokumenty/SEM_measurements/Calibration/mag750_SED-BED/SED/Grp_001_SED_X000_Y007.png,0,7,1.64624770444444,750,Grp_001_SED_X000_Y007,SED,6.504,14.785,6504.0,14785.0
750,/Users/dawid/Library/Mobile Documents/com~apple~CloudDocs/Dokumenty/SEM_measurements/Calibration/mag750_SED-BED/SED/Grp_001_SED_X000_Y008.png,0,8,1.64921124666667,750,Grp_001_SED_X000_Y008,SED,6.504,14.798,6504.0,14798.0
750,/Users/dawid/Library/Mobile Documents/com~apple~CloudDocs/Dokumenty/SEM_measurements/Calibration/mag750_SED-BED/SED/Grp_001_SED_X000_Y009.png,0,9,1.64624770444444,750,Grp_001_SED_X000_Y009,SED,6.504,14.81,6504.0,14810.0
750,/Users/dawid/Library/Mobile Documents/com~apple~CloudDocs/Dokumenty/SEM_measurements/Calibration/mag750_SED-BED/SED/Grp_001_SED_X001_Y000.png,1,0,1.65069301777778,750,Grp_001_SED_X001_Y000,SED,6.486,14.698,6486.0,14698.0
750,/Users/dawid/Library/Mobile Documents/com~apple~CloudDocs/Dokumenty/SEM_measurements/Calibration/mag750_SED-BED/SED/Grp_001_SED_X001_Y001.png,1,1,1.64921124666667,750,Grp_001_SED_X001_Y001,SED,6.487,14.71,6487.0,14710.0
750,/Users/dawid/Library/Mobile Documents/com~apple~CloudDocs/Dokumenty/SEM_measurements/Calibration/mag750_SED-BED/SED/Grp_001_SED_X001_Y002.png,1,2,1.64921124666667,750,Grp_001_SED_X001_Y002,SED,6.486,14.723,6486.0,14723.0
750,/Users/dawid/Library/Mobile Documents/com~apple~CloudDocs/Dokumenty/SEM_measurements/Calibration/mag750_SED-BED/SED/Grp_001_SED_X001_Y003.png,1,3,1.64698859,750,Grp_001_SED_X001_Y003,SED,6.487,14.735,6487.0,14735.0
750,/Users/dawid/Library/Mobile Documents/com~apple~CloudDocs/Dokumenty/SEM_measurements/Calibration/mag750_SED-BED/SED/Grp_001_SED_X001_Y004.png,1,4,1.645654996,750,Grp_001_SED_X001_Y004,SED,6.486,14.748,6486.0,14748.0
750,/Users/dawid/Library/Mobile Documents/com~apple~CloudDocs/Dokumenty/SEM_measurements/Calibration/mag750_SED-BED/SED/Grp_001_SED_X001_Y005.png,1,5,1.64476593333333,750,Grp_001_SED_X001_Y005,SED,6.487,14.76,6487.0,14760.0
750,/Users/dawid/Library/Mobile Documents/com~apple~CloudDocs/Dokumenty/SEM_measurements/Calibration/mag750_SED-BED/SED/Grp_001_SED_X001_Y006.png,1,6,1.64772947555556,750,Grp_001_SED_X001_Y006,SED,6.486,14.773,6486.0,14773.0
750,/Users/dawid/Library/Mobile Documents/com~apple~CloudDocs/Dokumenty/SEM_measurements/Calibration/mag750_SED-BED/SED/Grp_001_SED_X001_Y007.png,1,7,1.64476593333333,750,Grp_001_SED_X001_Y007,SED,6.487,14.786,6487.0,14786.0
750,/Users/dawid/Library/Mobile Documents/com~apple~CloudDocs/Dokumenty/SEM_measurements/Calibration/mag750_SED-BED/SED/Grp_001_SED_X001_Y008.png,1,8,1.64772947555556,750,Grp_001_SED_X001_Y008,SED,6.487,14.798,6487.0,14798.0
750,/Users/dawid/Library/Mobile Documents/com~apple~CloudDocs/Dokumenty/SEM_measurements/Calibration/mag750_SED-BED/SED/Grp_001_SED_X001_Y009.png,1,9,1.64328416222222,750,Grp_001_SED_X001_Y009,SED,6.487,14.81,6487.0,14810.0
750,/Users/dawid/Library/Mobile Documents/com~apple~CloudDocs/Dokumenty/SEM_measurements/Calibration/mag750_SED-BED/SED/Grp_001_SED_X002_Y000.png,2,0,1.65069301777778,750,Grp_001_SED_X002_Y000,SED,6.469,14.698,6469.0,14698.0
750,/Users/dawid/Library/Mobile Documents/com~apple~CloudDocs/Dokumenty/SEM_measurements/Calibration/mag750_SED-BED/SED/Grp_001_SED_X002_Y001.png,2,1,1.65513833111111,750,Grp_001_SED_X002_Y001,SED,6.47,14.71,6470.0,14710.0
750,/Users/dawid/Library/Mobile Documents/com~apple~CloudDocs/Dokumenty/SEM_measurements/Calibration/mag750_SED-BED/SED/Grp_001_SED_X002_Y002.png,2,2,1.64772947555556,750,Grp_001_SED_X002_Y002,SED,6.47,14.723,6470.0,14723.0
750,/Users/dawid/Library/Mobile Documents/com~apple~CloudDocs/Dokumenty/SEM_measurements/Calibration/mag750_SED-BED/SED/Grp_001_SED_X002_Y003.png,2,3,1.64921124666667,750,Grp_001_SED_X002_Y003,SED,6.47,14.735,6470.0,14735.0
750,/Users/dawid/Library/Mobile Documents/com~apple~CloudDocs/Dokumenty/SEM_measurements/Calibration/mag750_SED-BED/SED/Grp_001_SED_X002_Y004.png,2,4,1.652322966,750,Grp_001_SED_X002_Y004,SED,6.47,14.748,6470.0,14748.0
750,/Users/dawid/Library/Mobile Documents/com~apple~CloudDocs/Dokumenty/SEM_measurements/Calibration/mag750_SED-BED/SED/Grp_001_SED_X002_Y005.png,2,5,1.642987808,750,Grp_001_SED_X002_Y005,SED,6.47,14.76,6470.0,14760.0
750,/Users/dawid/Library/Mobile Documents/com~apple~CloudDocs/Dokumenty/SEM_measurements/Calibration/mag750_SED-BED/SED/Grp_001_SED_X002_Y006.png,2,6,1.64772947555556,750,Grp_001_SED_X002_Y006,SED,6.47,14.773,6470.0,14773.0
750,/Users/dawid/Library/Mobile Documents/com~apple~CloudDocs/Dokumenty/SEM_measurements/Calibration/mag750_SED-BED/SED/Grp_001_SED_X002_Y007.png,2,7,1.64772947555556,750,Grp_001_SED_X002_Y007,SED,6.47,14.786,6470.0,14786.0
750,/Users/dawid/Library/Mobile Documents/com~apple~CloudDocs/Dokumenty/SEM_measurements/Calibration/mag750_SED-BED/SED/Grp_001_SED_X002_Y008.png,2,8,1.64476593333333,750,Grp_001_SED_X002_Y008,SED,6.47,14.798,6470.0,14798.0
750,/Users/dawid/Library/Mobile Documents/com~apple~CloudDocs/Dokumenty/SEM_measurements/Calibration/mag750_SED-BED/SED/Grp_001_SED_X002_Y009.png,2,9,1.64328416222222,750,Grp_001_SED_X002_Y009,SED,6.47,14.811,6470.0,14811.0
750,/Users/dawid/Library/Mobile Documents/com~apple~CloudDocs/Dokumenty/SEM_measurements/Calibration/mag750_SED-BED/SED/Grp_001_SED_X003_Y000.png,3,0,1.65217478888889,750,Grp_001_SED_X003_Y000,SED,6.453,14.698,6453.0,14698.0
750,/Users/dawid/Library/Mobile Documents/com~apple~CloudDocs/Dokumenty/SEM_measurements/Calibration/mag750_SED-BED/SED/Grp_001_SED_X003_Y001.png,3,1,1.65217478888889,750,Grp_001_SED_X003_Y001,SED,6.453,14.71,6453.0,14710.0
750,/Users/dawid/Library/Mobile Documents/com~apple~CloudDocs/Dokumenty/SEM_measurements/Calibration/mag750_SED-BED/SED/Grp_001_SED_X003_Y002.png,3,2,1.64921124666667,750,Grp_001_SED_X003_Y002,SED,6.453,14.723,6453.0,14723.0
750,/Users/dawid/Library/Mobile Documents/com~apple~CloudDocs/Dokumenty/SEM_measurements/Calibration/mag750_SED-BED/SED/Grp_001_SED_X003_Y003.png,3,3,1.64921124666667,750,Grp_001_SED_X003_Y003,SED,6.453,14.735,6453.0,14735.0
750,/Users/dawid/Library/Mobile Documents/com~apple~CloudDocs/Dokumenty/SEM_measurements/Calibration/mag750_SED-BED/SED/Grp_001_SED_X003_Y004.png,3,4,1.64476593333333,750,Grp_001_SED_X003_Y004,SED,6.453,14.748,6453.0,14748.0
750,/Users/dawid/Library/Mobile Documents/com~apple~CloudDocs/Dokumenty/SEM_measurements/Calibration/mag750_SED-BED/SED/Grp_001_SED_X003_Y005.png,3,5,1.649655778,750,Grp_001_SED_X003_Y005,SED,6.453,14.76,6453.0,14760.0
750,/Users/dawid/Library/Mobile Documents/com~apple~CloudDocs/Dokumenty/SEM_measurements/Calibration/mag750_SED-BED/SED/Grp_001_SED_X003_Y006.png,3,6,1.644321402,750,Grp_001_SED_X003_Y006,SED,6.453,14.773,6453.0,14773.0
750,/Users/dawid/Library/Mobile Documents/com~apple~CloudDocs/Dokumenty/SEM_measurements/Calibration/mag750_SED-BED/SED/Grp_001_SED_X003_Y007.png,3,7,1.64772947555556,750,Grp_001_SED_X003_Y007,SED,6.453,14.786,6453.0,14786.0
750,/Users/dawid/Library/Mobile Documents/com~apple~CloudDocs/Dokumenty/SEM_measurements/Calibration/mag750_SED-BED/SED/Grp_001_SED_X003_Y008.png,3,8,1.64624770444444,750,Grp_001_SED_X003_Y008,SED,6.453,14.798,6453.0,14798.0
750,/Users/dawid/Library/Mobile Documents/com~apple~CloudDocs/Dokumenty/SEM_measurements/Calibration/mag750_SED-BED/SED/Grp_001_SED_X003_Y009.png,3,9,1.63735707777778,750,Grp_001_SED_X003_Y009,SED,6.453,14.811,6453.0,14811.0
750,/Users/dawid/Library/Mobile Documents/com~apple~CloudDocs/Dokumenty/SEM_measurements/Calibration/mag750_SED-BED/SED/Grp_001_SED_X004_Y000.png,4,0,1.65217478888889,750,Grp_001_SED_X004_Y000,SED,6.436,14.698,6436.0,14698.0
750,/Users/dawid/Library/Mobile Documents/com~apple~CloudDocs/Dokumenty/SEM_measurements/Calibration/mag750_SED-BED/SED/Grp_001_SED_X004_Y001.png,4,1,1.65217478888889,750,Grp_001_SED_X004_Y001,SED,6.436,14.71,6436.0,14710.0
750,/Users/dawid/Library/Mobile Documents/com~apple~CloudDocs/Dokumenty/SEM_measurements/Calibration/mag750_SED-BED/SED/Grp_001_SED_X004_Y002.png,4,2,1.65069301777778,750,Grp_001_SED_X004_Y002,SED,6.436,14.723,6436.0,14723.0
750,/Users/dawid/Library/Mobile Documents/com~apple~CloudDocs/Dokumenty/SEM_measurements/Calibration/mag750_SED-BED/SED/Grp_001_SED_X004_Y003.png,4,3,1.484290122,750,Grp_001_SED_X004_Y003,SED,6.436,14.735,6436.0,14735.0
750,/Users/dawid/Library/Mobile Documents/com~apple~CloudDocs/Dokumenty/SEM_measurements/Calibration/mag750_SED-BED/SED/Grp_001_SED_X004_Y004.png,4,4,1.64921124666667,750,Grp_001_SED_X004_Y004,SED,6.436,14.748,6436.0,14748.0
750,/Users/dawid/Library/Mobile Documents/com~apple~CloudDocs/Dokumenty/SEM_measurements/Calibration/mag750_SED-BED/SED/Grp_001_SED_X004_Y005.png,4,5,1.64180239111111,750,Grp_001_SED_X004_Y005,SED,6.436,14.76,6436.0,14760.0
750,/Users/dawid/Library/Mobile Documents/com~apple~CloudDocs/Dokumenty/SEM_measurements/Calibration/mag750_SED-BED/SED/Grp_001_SED_X004_Y006.png,4,6,1.82702378,750,Grp_001_SED_X004_Y006,SED,6.436,14.773,6436.0,14773.0
750,/Users/dawid/Library/Mobile Documents/com~apple~CloudDocs/Dokumenty/SEM_measurements/Calibration/mag750_SED-BED/SED/Grp_001_SED_X004_Y007.png,4,7,1.64698859,750,Grp_001_SED_X004_Y007,SED,6.436,14.786,6436.0,14786.0
750,/Users/dawid/Library/Mobile Documents/com~apple~CloudDocs/Dokumenty/SEM_measurements/Calibration/mag750_SED-BED/SED/Grp_001_SED_X004_Y008.png,4,8,1.64772947555556,750,Grp_001_SED_X004_Y008,SED,6.436,14.798,6436.0,14798.0
750,/Users/dawid/Library/Mobile Documents/com~apple~CloudDocs/Dokumenty/SEM_measurements/Calibration/mag750_SED-BED/SED/Grp_001_SED_X004_Y009.png,4,9,1.85369566,750,Grp_001_SED_X004_Y009,SED,6.437,14.811,6437.0,14811.0
750,/Users/dawid/Library/Mobile Documents/com~apple~CloudDocs/Dokumenty/SEM_measurements/Calibration/mag750_SED-BED/SED/Grp_001_SED_X005_Y000.png,5,0,1.65513833111111,750,Grp_001_SED_X005_Y000,SED,6.419,14.698,6419.0,14698.0
750,/Users/dawid/Library/Mobile Documents/com~apple~CloudDocs/Dokumenty/SEM_measurements/Calibration/mag750_SED-BED/SED/Grp_001_SED_X005_Y001.png,5,1,1.64772947555556,750,Grp_001_SED_X005_Y001,SED,6.419,14.71,6419.0,14710.0
750,/Users/dawid/Library/Mobile Documents/com~apple~CloudDocs/Dokumenty/SEM_measurements/Calibration/mag750_SED-BED/SED/Grp_001_SED_X005_Y002.png,5,2,1.65513833111111,750,Grp_001_SED_X005_Y002,SED,6.419,14.723,6419.0,14723.0
750,/Users/dawid/Library/Mobile Documents/com~apple~CloudDocs/Dokumenty/SEM_measurements/Calibration/mag750_SED-BED/SED/Grp_001_SED_X005_Y003.png,5,3,1.48695731,750,Grp_001_SED_X005_Y003,SED,6.419,14.735,6419.0,14735.0
750,/Users/dawid/Library/Mobile Documents/com~apple~CloudDocs/Dokumenty/SEM_measurements/Calibration/mag750_SED-BED/SED/Grp_001_SED_X005_Y004.png,5,4,1.64624770444444,750,Grp_001_SED_X005_Y004,SED,6.419,14.748,6419.0,14748.0
750,/Users/dawid/Library/Mobile Documents/com~apple~CloudDocs/Dokumenty/SEM_measurements/Calibration/mag750_SED-BED/SED/Grp_001_SED_X005_Y005.png,5,5,1.64921124666667,750,Grp_001_SED_X005_Y005,SED,6.419,14.76,6419.0,14760.0
750,/Users/dawid/Library/Mobile Documents/com~apple~CloudDocs/Dokumenty/SEM_measurements/Calibration/mag750_SED-BED/SED/Grp_001_SED_X005_Y006.png,5,6,1.64624770444444,750,Grp_001_SED_X005_Y006,SED,6.419,14.773,6419.0,14773.0
750,/Users/dawid/Library/Mobile Documents/com~apple~CloudDocs/Dokumenty/SEM_measurements/Calibration/mag750_SED-BED/SED/Grp_001_SED_X005_Y007.png,5,7,1.64698859,750,Grp_001_SED_X005_Y007,SED,6.42,14.786,6420.0,14786.0
750,/Users/dawid/Library/Mobile Documents/com~apple~CloudDocs/Dokumenty/SEM_measurements/Calibration/mag750_SED-BED/SED/Grp_001_SED_X005_Y008.png,5,8,1.645654996,750,Grp_001_SED_X005_Y008,SED,6.419,14.798,6419.0,14798.0
750,/Users/dawid/Library/Mobile Documents/com~apple~CloudDocs/Dokumenty/SEM_measurements/Calibration/mag750_SED-BED/SED/Grp_001_SED_X005_Y009.png,5,9,1.64476593333333,750,Grp_001_SED_X005_Y009,SED,6.42,14.811,6420.0,14811.0
750,/Users/dawid/Library/Mobile Documents/com~apple~CloudDocs/Dokumenty/SEM_measurements/Calibration/mag750_SED-BED/SED/Grp_001_SED_X006_Y000.png,6,0,1.65365656,750,Grp_001_SED_X006_Y000,SED,6.402,14.698,6402.0,14698.0
750,/Users/dawid/Library/Mobile Documents/com~apple~CloudDocs/Dokumenty/SEM_measurements/Calibration/mag750_SED-BED/SED/Grp_001_SED_X006_Y001.png,6,1,1.648322184,750,Grp_001_SED_X006_Y001,SED,6.402,14.71,6402.0,14710.0
750,/Users/dawid/Library/Mobile Documents/com~apple~CloudDocs/Dokumenty/SEM_measurements/Calibration/mag750_SED-BED/SED/Grp_001_SED_X006_Y002.png,6,2,1.64921124666667,750,Grp_001_SED_X006_Y002,SED,6.402,14.723,6402.0,14723.0
750,/Users/dawid/Library/Mobile Documents/com~apple~CloudDocs/Dokumenty/SEM_measurements/Calibration/mag750_SED-BED/SED/Grp_001_SED_X006_Y003.png,6,3,1.484290122,750,Grp_001_SED_X006_Y003,SED,6.402,14.735,6402.0,14735.0
750,/Users/dawid/Library/Mobile Documents/com~apple~CloudDocs/Dokumenty/SEM_measurements/Calibration/mag750_SED-BED/SED/Grp_001_SED_X006_Y004.png,6,4,1.48028934,750,Grp_001_SED_X006_Y004,SED,6.402,14.748,6402.0,14748.0
750,/Users/dawid/Library/Mobile Documents/com~apple~CloudDocs/Dokumenty/SEM_measurements/Calibration/mag750_SED-BED/SED/Grp_001_SED_X006_Y005.png,6,5,1.485623716,750,Grp_001_SED_X006_Y005,SED,6.403,14.76,6403.0,14760.0
750,/Users/dawid/Library/Mobile Documents/com~apple~CloudDocs/Dokumenty/SEM_measurements/Calibration/mag750_SED-BED/SED/Grp_001_SED_X006_Y006.png,6,6,1.481622934,750,Grp_001_SED_X006_Y006,SED,6.402,14.773,6402.0,14773.0
750,/Users/dawid/Library/Mobile Documents/com~apple~CloudDocs/Dokumenty/SEM_measurements/Calibration/mag750_SED-BED/SED/Grp_001_SED_X006_Y007.png,6,7,1.482956528,750,Grp_001_SED_X006_Y007,SED,6.403,14.786,6403.0,14786.0
750,/Users/dawid/Library/Mobile Documents/com~apple~CloudDocs/Dokumenty/SEM_measurements/Calibration/mag750_SED-BED/SED/Grp_001_SED_X006_Y008.png,6,8,1.82702378,750,Grp_001_SED_X006_Y008,SED,6.402,14.798,6402.0,14798.0
750,/Users/dawid/Library/Mobile Documents/com~apple~CloudDocs/Dokumenty/SEM_measurements/Calibration/mag750_SED-BED/SED/Grp_001_SED_X006_Y009.png,6,9,1.641654214,750,Grp_001_SED_X006_Y009,SED,6.403,14.811,6403.0,14811.0
750,/Users/dawid/Library/Mobile Documents/com~apple~CloudDocs/Dokumenty/SEM_measurements/Calibration/mag750_SED-BED/SED/Grp_001_SED_X007_Y000.png,7,0,1.64698859,750,Grp_001_SED_X007_Y000,SED,6.385,14.698,6385.0,14698.0
750,/Users/dawid/Library/Mobile Documents/com~apple~CloudDocs/Dokumenty/SEM_measurements/Calibration/mag750_SED-BED/SED/Grp_001_SED_X007_Y001.png,7,1,1.65069301777778,750,Grp_001_SED_X007_Y001,SED,6.386,14.71,6386.0,14710.0
750,/Users/dawid/Library/Mobile Documents/com~apple~CloudDocs/Dokumenty/SEM_measurements/Calibration/mag750_SED-BED/SED/Grp_001_SED_X007_Y002.png,7,2,1.65069301777778,750,Grp_001_SED_X007_Y002,SED,6.385,14.723,6385.0,14723.0
750,/Users/dawid/Library/Mobile Documents/com~apple~CloudDocs/Dokumenty/SEM_measurements/Calibration/mag750_SED-BED/SED/Grp_001_SED_X007_Y003.png,7,3,1.64328416222222,750,Grp_001_SED_X007_Y003,SED,6.386,14.735,6386.0,14735.0
750,/Users/dawid/Library/Mobile Documents/com~apple~CloudDocs/Dokumenty/SEM_measurements/Calibration/mag750_SED-BED/SED/Grp_001_SED_X007_Y004.png,7,4,1.65069301777778,750,Grp_001_SED_X007_Y004,SED,6.385,14.748,6385.0,14748.0
750,/Users/dawid/Library/Mobile Documents/com~apple~CloudDocs/Dokumenty/SEM_measurements/Calibration/mag750_SED-BED/SED/Grp_001_SED_X007_Y005.png,7,5,1.64180239111111,750,Grp_001_SED_X007_Y005,SED,6.386,14.76,6386.0,14760.0
750,/Users/dawid/Library/Mobile Documents/com~apple~CloudDocs/Dokumenty/SEM_measurements/Calibration/mag750_SED-BED/SED/Grp_001_SED_X007_Y006.png,7,6,1.64328416222222,750,Grp_001_SED_X007_Y006,SED,6.385,14.773,6385.0,14773.0
750,/Users/dawid/Library/Mobile Documents/com~apple~CloudDocs/Dokumenty/SEM_measurements/Calibration/mag750_SED-BED/SED/Grp_001_SED_X007_Y007.png,7,7,1.64328416222222,750,Grp_001_SED_X007_Y007,SED,6.386,14.786,6386.0,14786.0
750,/Users/dawid/Library/Mobile Documents/com~apple~CloudDocs/Dokumenty/SEM_measurements/Calibration/mag750_SED-BED/SED/Grp_001_SED_X007_Y008.png,7,8,1.478955746,750,Grp_001_SED_X007_Y008,SED,6.385,14.798,6385.0,14798.0
750,/Users/dawid/Library/Mobile Documents/com~apple~CloudDocs/Dokumenty/SEM_measurements/Calibration/mag750_SED-BED/SED/Grp_001_SED_X007_Y009.png,7,9,1.64698859,750,Grp_001_SED_X007_Y009,SED,6.386,14.811,6386.0,14811.0
750,/Users/dawid/Library/Mobile Documents/com~apple~CloudDocs/Dokumenty/SEM_measurements/Calibration/mag750_SED-BED/SED/Grp_001_SED_X008_Y000.png,8,0,1.65217478888889,750,Grp_001_SED_X008_Y000,SED,6.368,14.698,6368.0,14698.0
750,/Users/dawid/Library/Mobile Documents/com~apple~CloudDocs/Dokumenty/SEM_measurements/Calibration/mag750_SED-BED/SED/Grp_001_SED_X008_Y001.png,8,1,1.65365656,750,Grp_001_SED_X008_Y001,SED,6.369,14.71,6369.0,14710.0
750,/Users/dawid/Library/Mobile Documents/com~apple~CloudDocs/Dokumenty/SEM_measurements/Calibration/mag750_SED-BED/SED/Grp_001_SED_X008_Y002.png,8,2,1.650989372,750,Grp_001_SED_X008_Y002,SED,6.368,14.723,6368.0,14723.0
750,/Users/dawid/Library/Mobile Documents/com~apple~CloudDocs/Dokumenty/SEM_measurements/Calibration/mag750_SED-BED/SED/Grp_001_SED_X008_Y003.png,8,3,1.648322184,750,Grp_001_SED_X008_Y003,SED,6.369,14.735,6369.0,14735.0
750,/Users/dawid/Library/Mobile Documents/com~apple~CloudDocs/Dokumenty/SEM_measurements/Calibration/mag750_SED-BED/SED/Grp_001_SED_X008_Y004.png,8,4,1.64476593333333,750,Grp_001_SED_X008_Y004,SED,6.368,14.748,6368.0,14748.0
750,/Users/dawid/Library/Mobile Documents/com~apple~CloudDocs/Dokumenty/SEM_measurements/Calibration/mag750_SED-BED/SED/Grp_001_SED_X008_Y005.png,8,5,1.64921124666667,750,Grp_001_SED_X008_Y005,SED,6.369,14.76,6369.0,14760.0
750,/Users/dawid/Library/Mobile Documents/com~apple~CloudDocs/Dokumenty/SEM_measurements/Calibration/mag750_SED-BED/SED/Grp_001_SED_X008_Y006.png,8,6,1.64624770444444,750,Grp_001_SED_X008_Y006,SED,6.368,14.773,6368.0,14773.0
750,/Users/dawid/Library/Mobile Documents/com~apple~CloudDocs/Dokumenty/SEM_measurements/Calibration/mag750_SED-BED/SED/Grp_001_SED_X008_Y007.png,8,7,1.64921124666667,750,Grp_001_SED_X008_Y007,SED,6.369,14.786,6369.0,14786.0
750,/Users/dawid/Library/Mobile Documents/com~apple~CloudDocs/Dokumenty/SEM_measurements/Calibration/mag750_SED-BED/SED/Grp_001_SED_X008_Y008.png,8,8,1.64328416222222,750,Grp_001_SED_X008_Y008,SED,6.369,14.798,6369.0,14798.0
750,/Users/dawid/Library/Mobile Documents/com~apple~CloudDocs/Dokumenty/SEM_measurements/Calibration/mag750_SED-BED/SED/Grp_001_SED_X008_Y009.png,8,9,1.64328416222222,750,Grp_001_SED_X008_Y009,SED,6.369,14.811,6369.0,14811.0
750,/Users/dawid/Library/Mobile Documents/com~apple~CloudDocs/Dokumenty/SEM_measurements/Calibration/mag750_SED-BED/SED/Grp_001_SED_X009_Y000.png,9,0,1.65365656,750,Grp_001_SED_X009_Y000,SED,6.351,14.698,6351.0,14698.0
750,/Users/dawid/Library/Mobile Documents/com~apple~CloudDocs/Dokumenty/SEM_measurements/Calibration/mag750_SED-BED/SED/Grp_001_SED_X009_Y001.png,9,1,1.65069301777778,750,Grp_001_SED_X009_Y001,SED,6.352,14.711,6352.0,14711.0
750,/Users/dawid/Library/Mobile Documents/com~apple~CloudDocs/Dokumenty/SEM_measurements/Calibration/mag750_SED-BED/SED/Grp_001_SED_X009_Y002.png,9,2,1.65217478888889,750,Grp_001_SED_X009_Y002,SED,6.351,14.723,6351.0,14723.0
750,/Users/dawid/Library/Mobile Documents/com~apple~CloudDocs/Dokumenty/SEM_measurements/Calibration/mag750_SED-BED/SED/Grp_001_SED_X009_Y003.png,9,3,1.649655778,750,Grp_001_SED_X009_Y003,SED,6.352,14.736,6352.0,14736.0
750,/Users/dawid/Library/Mobile Documents/com~apple~CloudDocs/Dokumenty/SEM_measurements/Calibration/mag750_SED-BED/SED/Grp_001_SED_X009_Y004.png,9,4,1.649655778,750,Grp_001_SED_X009_Y004,SED,6.351,14.748,6351.0,14748.0
750,/Users/dawid/Library/Mobile Documents/com~apple~CloudDocs/Dokumenty/SEM_measurements/Calibration/mag750_SED-BED/SED/Grp_001_SED_X009_Y005.png,9,5,1.65513833111111,750,Grp_001_SED_X009_Y005,SED,6.352,14.761,6352.0,14761.0
750,/Users/dawid/Library/Mobile Documents/com~apple~CloudDocs/Dokumenty/SEM_measurements/Calibration/mag750_SED-BED/SED/Grp_001_SED_X009_Y006.png,9,6,1.85369566,750,Grp_001_SED_X009_Y006,SED,6.352,14.773,6352.0,14773.0
750,/Users/dawid/Library/Mobile Documents/com~apple~CloudDocs/Dokumenty/SEM_measurements/Calibration/mag750_SED-BED/SED/Grp_001_SED_X009_Y007.png,9,7,1.64328416222222,750,Grp_001_SED_X009_Y007,SED,6.352,14.786,6352.0,14786.0
750,/Users/dawid/Library/Mobile Documents/com~apple~CloudDocs/Dokumenty/SEM_measurements/Calibration/mag750_SED-BED/SED/Grp_001_SED_X009_Y008.png,9,8,1.64476593333333,750,Grp_001_SED_X009_Y008,SED,6.352,14.798,6352.0,14798.0
750,/Users/dawid/Library/Mobile Documents/com~apple~CloudDocs/Dokumenty/SEM_measurements/Calibration/mag750_SED-BED/SED/Grp_001_SED_X009_Y009.png,9,9,1.64476593333333,750,Grp_001_SED_X009_Y009,SED,6.352,14.811,6352.0,14811.0
500,/Users/dawid/Library/Mobile Documents/com~apple~CloudDocs/Dokumenty/SEM_measurements/Calibration/mag500_SED-BED/SED/Grp_001_SED_X000_Y000.png,0,0,1.65069301777778,500,Grp_001_SED_X000_Y000,SED,6.546,14.666,6546.0,14666.0
500,/Users/dawid/Library/Mobile Documents/com~apple~CloudDocs/Dokumenty/SEM_measurements/Calibration/mag500_SED-BED/SED/Grp_001_SED_X000_Y001.png,0,1,1.64476593333333,500,Grp_001_SED_X000_Y001,SED,6.546,14.679,6546.0,14679.0
500,/Users/dawid/Library/Mobile Documents/com~apple~CloudDocs/Dokumenty/SEM_measurements/Calibration/mag500_SED-BED/SED/Grp_001_SED_X000_Y002.png,0,2,1.65069301777778,500,Grp_001_SED_X000_Y002,SED,6.546,14.692,6546.0,14692.0
500,/Users/dawid/Library/Mobile Documents/com~apple~CloudDocs/Dokumenty/SEM_measurements/Calibration/mag500_SED-BED/SED/Grp_001_SED_X000_Y003.png,0,3,1.64328416222222,500,Grp_001_SED_X000_Y003,SED,6.546,14.704,6546.0,14704.0
500,/Users/dawid/Library/Mobile Documents/com~apple~CloudDocs/Dokumenty/SEM_measurements/Calibration/mag500_SED-BED/SED/Grp_001_SED_X000_Y004.png,0,4,1.64476593333333,500,Grp_001_SED_X000_Y004,SED,6.546,14.717,6546.0,14717.0
500,/Users/dawid/Library/Mobile Documents/com~apple~CloudDocs/Dokumenty/SEM_measurements/Calibration/mag500_SED-BED/SED/Grp_001_SED_X000_Y005.png,0,5,1.64624770444444,500,Grp_001_SED_X000_Y005,SED,6.546,14.729,6546.0,14729.0
500,/Users/dawid/Library/Mobile Documents/com~apple~CloudDocs/Dokumenty/SEM_measurements/Calibration/mag500_SED-BED/SED/Grp_001_SED_X000_Y006.png,0,6,1.64476593333333,500,Grp_001_SED_X000_Y006,SED,6.546,14.742,6546.0,14742.0
500,/Users/dawid/Library/Mobile Documents/com~apple~CloudDocs/Dokumenty/SEM_measurements/Calibration/mag500_SED-BED/SED/Grp_001_SED_X000_Y007.png,0,7,1.64180239111111,500,Grp_001_SED_X000_Y007,SED,6.546,14.754,6546.0,14754.0
500,/Users/dawid/Library/Mobile Documents/com~apple~CloudDocs/Dokumenty/SEM_measurements/Calibration/mag500_SED-BED/SED/Grp_001_SED_X000_Y008.png,0,8,1.644321402,500,Grp_001_SED_X000_Y008,SED,6.546,14.767,6546.0,14767.0
500,/Users/dawid/Library/Mobile Documents/com~apple~CloudDocs/Dokumenty/SEM_measurements/Calibration/mag500_SED-BED/SED/Grp_001_SED_X000_Y009.png,0,9,1.8453606975,500,Grp_001_SED_X000_Y009,SED,6.546,14.779,6546.0,14779.0
500,/Users/dawid/Library/Mobile Documents/com~apple~CloudDocs/Dokumenty/SEM_measurements/Calibration/mag500_SED-BED/SED/Grp_001_SED_X000_Y010.png,0,10,1.63735707777778,500,Grp_001_SED_X000_Y010,SED,6.546,14.792,6546.0,14792.0
500,/Users/dawid/Library/Mobile Documents/com~apple~CloudDocs/Dokumenty/SEM_measurements/Calibration/mag500_SED-BED/SED/Grp_001_SED_X000_Y011.png,0,11,1.63587530666667,500,Grp_001_SED_X000_Y011,SED,6.546,14.804,6546.0,14804.0
500,/Users/dawid/Library/Mobile Documents/com~apple~CloudDocs/Dokumenty/SEM_measurements/Calibration/mag500_SED-BED/SED/Grp_001_SED_X000_Y012.png,0,12,1.63735707777778,500,Grp_001_SED_X000_Y012,SED,6.546,14.817,6546.0,14817.0
500,/Users/dawid/Library/Mobile Documents/com~apple~CloudDocs/Dokumenty/SEM_measurements/Calibration/mag500_SED-BED/SED/Grp_001_SED_X000_Y013.png,0,13,1.63439353555556,500,Grp_001_SED_X000_Y013,SED,6.546,14.829,6546.0,14829.0
500,/Users/dawid/Library/Mobile Documents/com~apple~CloudDocs/Dokumenty/SEM_measurements/Calibration/mag500_SED-BED/SED/Grp_001_SED_X000_Y014.png,0,14,2.10707852,500,Grp_001_SED_X000_Y014,SED,6.546,14.842,6546.0,14842.0
500,/Users/dawid/Library/Mobile Documents/com~apple~CloudDocs/Dokumenty/SEM_measurements/Calibration/mag500_SED-BED/SED/Grp_001_SED_X001_Y000.png,1,0,1.65069301777778,500,Grp_001_SED_X001_Y000,SED,6.529,14.666,6529.0,14666.0
500,/Users/dawid/Library/Mobile Documents/com~apple~CloudDocs/Dokumenty/SEM_measurements/Calibration/mag500_SED-BED/SED/Grp_001_SED_X001_Y001.png,1,1,1.82998732222222,500,Grp_001_SED_X001_Y001,SED,6.529,14.679,6529.0,14679.0
500,/Users/dawid/Library/Mobile Documents/com~apple~CloudDocs/Dokumenty/SEM_measurements/Calibration/mag500_SED-BED/SED/Grp_001_SED_X001_Y002.png,1,2,1.8553626525,500,Grp_001_SED_X001_Y002,SED,6.529,14.691,6529.0,14691.0
500,/Users/dawid/Library/Mobile Documents/com~apple~CloudDocs/Dokumenty/SEM_measurements/Calibration/mag500_SED-BED/SED/Grp_001_SED_X001_Y003.png,1,3,1.64772947555556,500,Grp_001_SED_X001_Y003,SED,6.529,14.704,6529.0,14704.0
500,/Users/dawid/Library/Mobile Documents/com~apple~CloudDocs/Dokumenty/SEM_measurements/Calibration/mag500_SED-BED/SED/Grp_001_SED_X001_Y004.png,1,4,1.64921124666667,500,Grp_001_SED_X001_Y004,SED,6.529,14.716,6529.0,14716.0
500,/Users/dawid/Library/Mobile Documents/com~apple~CloudDocs/Dokumenty/SEM_measurements/Calibration/mag500_SED-BED/SED/Grp_001_SED_X001_Y005.png,1,5,1.64772947555556,500,Grp_001_SED_X001_Y005,SED,6.529,14.729,6529.0,14729.0
500,/Users/dawid/Library/Mobile Documents/com~apple~CloudDocs/Dokumenty/SEM_measurements/Calibration/mag500_SED-BED/SED/Grp_001_SED_X001_Y006.png,1,6,1.64328416222222,500,Grp_001_SED_X001_Y006,SED,6.529,14.742,6529.0,14742.0
500,/Users/dawid/Library/Mobile Documents/com~apple~CloudDocs/Dokumenty/SEM_measurements/Calibration/mag500_SED-BED/SED/Grp_001_SED_X001_Y007.png,1,7,1.64032062,500,Grp_001_SED_X001_Y007,SED,6.529,14.754,6529.0,14754.0
500,/Users/dawid/Library/Mobile Documents/com~apple~CloudDocs/Dokumenty/SEM_measurements/Calibration/mag500_SED-BED/SED/Grp_001_SED_X001_Y008.png,1,8,1.642987808,500,Grp_001_SED_X001_Y008,SED,6.529,14.767,6529.0,14767.0
500,/Users/dawid/Library/Mobile Documents/com~apple~CloudDocs/Dokumenty/SEM_measurements/Calibration/mag500_SED-BED/SED/Grp_001_SED_X001_Y009.png,1,9,1.641654214,500,Grp_001_SED_X001_Y009,SED,6.529,14.779,6529.0,14779.0
500,/Users/dawid/Library/Mobile Documents/com~apple~CloudDocs/Dokumenty/SEM_measurements/Calibration/mag500_SED-BED/SED/Grp_001_SED_X001_Y010.png,1,10,1.64032062,500,Grp_001_SED_X001_Y010,SED,6.529,14.792,6529.0,14792.0
500,/Users/dawid/Library/Mobile Documents/com~apple~CloudDocs/Dokumenty/SEM_measurements/Calibration/mag500_SED-BED/SED/Grp_001_SED_X001_Y011.png,1,11,1.64032062,500,Grp_001_SED_X001_Y011,SED,6.53,14.804,6530.0,14804.0
500,/Users/dawid/Library/Mobile Documents/com~apple~CloudDocs/Dokumenty/SEM_measurements/Calibration/mag500_SED-BED/SED/Grp_001_SED_X001_Y012.png,1,12,1.63883884888889,500,Grp_001_SED_X001_Y012,SED,6.529,14.817,6529.0,14817.0
500,/Users/dawid/Library/Mobile Documents/com~apple~CloudDocs/Dokumenty/SEM_measurements/Calibration/mag500_SED-BED/SED/Grp_001_SED_X001_Y013.png,1,13,1.63735707777778,500,Grp_001_SED_X001_Y013,SED,6.529,14.829,6529.0,14829.0
500,/Users/dawid/Library/Mobile Documents/com~apple~CloudDocs/Dokumenty/SEM_measurements/Calibration/mag500_SED-BED/SED/Grp_001_SED_X001_Y014.png,1,14,2.10326825142857,500,Grp_001_SED_X001_Y014,SED,6.529,14.842,6529.0,14842.0
500,/Users/dawid/Library/Mobile Documents/com~apple~CloudDocs/Dokumenty/SEM_measurements/Calibration/mag500_SED-BED/SED/Grp_001_SED_X002_Y000.png,2,0,1.65069301777778,500,Grp_001_SED_X002_Y000,SED,6.512,14.666,6512.0,14666.0
500,/Users/dawid/Library/Mobile Documents/com~apple~CloudDocs/Dokumenty/SEM_measurements/Calibration/mag500_SED-BED/SED/Grp_001_SED_X002_Y001.png,2,1,1.64921124666667,500,Grp_001_SED_X002_Y001,SED,6.512,14.679,6512.0,14679.0
500,/Users/dawid/Library/Mobile Documents/com~apple~CloudDocs/Dokumenty/SEM_measurements/Calibration/mag500_SED-BED/SED/Grp_001_SED_X002_Y002.png,2,2,1.650989372,500,Grp_001_SED_X002_Y002,SED,6.512,14.691,6512.0,14691.0
500,/Users/dawid/Library/Mobile Documents/com~apple~CloudDocs/Dokumenty/SEM_measurements/Calibration/mag500_SED-BED/SED/Grp_001_SED_X002_Y003.png,2,3,1.644321402,500,Grp_001_SED_X002_Y003,SED,6.512,14.704,6512.0,14704.0
500,/Users/dawid/Library/Mobile Documents/com~apple~CloudDocs/Dokumenty/SEM_measurements/Calibration/mag500_SED-BED/SED/Grp_001_SED_X002_Y004.png,2,4,1.64476593333333,500,Grp_001_SED_X002_Y004,SED,6.512,14.717,6512.0,14717.0
500,/Users/dawid/Library/Mobile Documents/com~apple~CloudDocs/Dokumenty/SEM_measurements/Calibration/mag500_SED-BED/SED/Grp_001_SED_X002_Y005.png,2,5,1.64772947555556,500,Grp_001_SED_X002_Y005,SED,6.512,14.729,6512.0,14729.0
500,/Users/dawid/Library/Mobile Documents/com~apple~CloudDocs/Dokumenty/SEM_measurements/Calibration/mag500_SED-BED/SED/Grp_001_SED_X002_Y006.png,2,6,1.64328416222222,500,Grp_001_SED_X002_Y006,SED,6.512,14.742,6512.0,14742.0
500,/Users/dawid/Library/Mobile Documents/com~apple~CloudDocs/Dokumenty/SEM_measurements/Calibration/mag500_SED-BED/SED/Grp_001_SED_X002_Y007.png,2,7,1.64476593333333,500,Grp_001_SED_X002_Y007,SED,6.512,14.754,6512.0,14754.0
500,/Users/dawid/Library/Mobile Documents/com~apple~CloudDocs/Dokumenty/SEM_measurements/Calibration/mag500_SED-BED/SED/Grp_001_SED_X002_Y008.png,2,8,1.64476593333333,500,Grp_001_SED_X002_Y008,SED,6.512,14.767,6512.0,14767.0
500,/Users/dawid/Library/Mobile Documents/com~apple~CloudDocs/Dokumenty/SEM_measurements/Calibration/mag500_SED-BED/SED/Grp_001_SED_X002_Y009.png,2,9,1.641654214,500,Grp_001_SED_X002_Y009,SED,6.513,14.779,6513.0,14779.0
500,/Users/dawid/Library/Mobile Documents/com~apple~CloudDocs/Dokumenty/SEM_measurements/Calibration/mag500_SED-BED/SED/Grp_001_SED_X002_Y010.png,2,10,1.641654214,500,Grp_001_SED_X002_Y010,SED,6.512,14.792,6512.0,14792.0
500,/Users/dawid/Library/Mobile Documents/com~apple~CloudDocs/Dokumenty/SEM_measurements/Calibration/mag500_SED-BED/SED/Grp_001_SED_X002_Y011.png,2,11,1.638987026,500,Grp_001_SED_X002_Y011,SED,6.513,14.804,6513.0,14804.0
500,/Users/dawid/Library/Mobile Documents/com~apple~CloudDocs/Dokumenty/SEM_measurements/Calibration/mag500_SED-BED/SED/Grp_001_SED_X002_Y012.png,2,12,1.64032062,500,Grp_001_SED_X002_Y012,SED,6.512,14.817,6512.0,14817.0
500,/Users/dawid/Library/Mobile Documents/com~apple~CloudDocs/Dokumenty/SEM_measurements/Calibration/mag500_SED-BED/SED/Grp_001_SED_X002_Y013.png,2,13,1.63439353555556,500,Grp_001_SED_X002_Y013,SED,6.513,14.829,6513.0,14829.0
500,/Users/dawid/Library/Mobile Documents/com~apple~CloudDocs/Dokumenty/SEM_measurements/Calibration/mag500_SED-BED/SED/Grp_001_SED_X002_Y014.png,2,14,1.63439353555556,500,Grp_001_SED_X002_Y014,SED,6.512,14.842,6512.0,14842.0
500,/Users/dawid/Library/Mobile Documents/com~apple~CloudDocs/Dokumenty/SEM_measurements/Calibration/mag500_SED-BED/SED/Grp_001_SED_X003_Y000.png,3,0,1.64921124666667,500,Grp_001_SED_X003_Y000,SED,6.495,14.666,6495.0,14666.0
500,/Users/dawid/Library/Mobile Documents/com~apple~CloudDocs/Dokumenty/SEM_measurements/Calibration/mag500_SED-BED/SED/Grp_001_SED_X003_Y001.png,3,1,1.65365656,500,Grp_001_SED_X003_Y001,SED,6.495,14.679,6495.0,14679.0
500,/Users/dawid/Library/Mobile Documents/com~apple~CloudDocs/Dokumenty/SEM_measurements/Calibration/mag500_SED-BED/SED/Grp_001_SED_X003_Y002.png,3,2,1.64698859,500,Grp_001_SED_X003_Y002,SED,6.495,14.691,6495.0,14691.0
500,/Users/dawid/Library/Mobile Documents/com~apple~CloudDocs/Dokumenty/SEM_measurements/Calibration/mag500_SED-BED/SED/Grp_001_SED_X003_Y003.png,3,3,1.648322184,500,Grp_001_SED_X003_Y003,SED,6.496,14.704,6496.0,14704.0
500,/Users/dawid/Library/Mobile Documents/com~apple~CloudDocs/Dokumenty/SEM_measurements/Calibration/mag500_SED-BED/SED/Grp_001_SED_X003_Y004.png,3,4,1.64328416222222,500,Grp_001_SED_X003_Y004,SED,6.495,14.717,6495.0,14717.0
500,/Users/dawid/Library/Mobile Documents/com~apple~CloudDocs/Dokumenty/SEM_measurements/Calibration/mag500_SED-BED/SED/Grp_001_SED_X003_Y005.png,3,5,1.64772947555556,500,Grp_001_SED_X003_Y005,SED,6.496,14.729,6496.0,14729.0
500,/Users/dawid/Library/Mobile Documents/com~apple~CloudDocs/Dokumenty/SEM_measurements/Calibration/mag500_SED-BED/SED/Grp_001_SED_X003_Y006.png,3,6,1.64624770444444,500,Grp_001_SED_X003_Y006,SED,6.495,14.742,6495.0,14742.0
500,/Users/dawid/Library/Mobile Documents/com~apple~CloudDocs/Dokumenty/SEM_measurements/Calibration/mag500_SED-BED/SED/Grp_001_SED_X003_Y007.png,3,7,1.64328416222222,500,Grp_001_SED_X003_Y007,SED,6.496,14.754,6496.0,14754.0
500,/Users/dawid/Library/Mobile Documents/com~apple~CloudDocs/Dokumenty/SEM_measurements/Calibration/mag500_SED-BED/SED/Grp_001_SED_X003_Y008.png,3,8,1.64180239111111,500,Grp_001_SED_X003_Y008,SED,6.495,14.767,6495.0,14767.0
500,/Users/dawid/Library/Mobile Documents/com~apple~CloudDocs/Dokumenty/SEM_measurements/Calibration/mag500_SED-BED/SED/Grp_001_SED_X003_Y009.png,3,9,1.63735707777778,500,Grp_001_SED_X003_Y009,SED,6.496,14.779,6496.0,14779.0
500,/Users/dawid/Library/Mobile Documents/com~apple~CloudDocs/Dokumenty/SEM_measurements/Calibration/mag500_SED-BED/SED/Grp_001_SED_X003_Y010.png,3,10,1.638987026,500,Grp_001_SED_X003_Y010,SED,6.495,14.792,6495.0,14792.0
500,/Users/dawid/Library/Mobile Documents/com~apple~CloudDocs/Dokumenty/SEM_measurements/Calibration/mag500_SED-BED/SED/Grp_001_SED_X003_Y011.png,3,11,1.638987026,500,Grp_001_SED_X003_Y011,SED,6.496,14.804,6496.0,14804.0
500,/Users/dawid/Library/Mobile Documents/com~apple~CloudDocs/Dokumenty/SEM_measurements/Calibration/mag500_SED-BED/SED/Grp_001_SED_X003_Y012.png,3,12,1.634986244,500,Grp_001_SED_X003_Y012,SED,6.495,14.817,6495.0,14817.0
500,/Users/dawid/Library/Mobile Documents/com~apple~CloudDocs/Dokumenty/SEM_measurements/Calibration/mag500_SED-BED/SED/Grp_001_SED_X003_Y013.png,3,13,1.64328416222222,500,Grp_001_SED_X003_Y013,SED,6.496,14.829,6496.0,14829.0
500,/Users/dawid/Library/Mobile Documents/com~apple~CloudDocs/Dokumenty/SEM_measurements/Calibration/mag500_SED-BED/SED/Grp_001_SED_X003_Y014.png,3,14,1.64032062,500,Grp_001_SED_X003_Y014,SED,6.495,14.842,6495.0,14842.0
500,/Users/dawid/Library/Mobile Documents/com~apple~CloudDocs/Dokumenty/SEM_measurements/Calibration/mag500_SED-BED/SED/Grp_001_SED_X004_Y000.png,4,0,1.65365656,500,Grp_001_SED_X004_Y000,SED,6.478,14.666,6478.0,14666.0
500,/Users/dawid/Library/Mobile Documents/com~apple~CloudDocs/Dokumenty/SEM_measurements/Calibration/mag500_SED-BED/SED/Grp_001_SED_X004_Y001.png,4,1,1.64921124666667,500,Grp_001_SED_X004_Y001,SED,6.479,14.679,6479.0,14679.0
500,/Users/dawid/Library/Mobile Documents/com~apple~CloudDocs/Dokumenty/SEM_measurements/Calibration/mag500_SED-BED/SED/Grp_001_SED_X004_Y002.png,4,2,1.65217478888889,500,Grp_001_SED_X004_Y002,SED,6.478,14.691,6478.0,14691.0
500,/Users/dawid/Library/Mobile Documents/com~apple~CloudDocs/Dokumenty/SEM_measurements/Calibration/mag500_SED-BED/SED/Grp_001_SED_X004_Y003.png,4,3,1.64772947555556,500,Grp_001_SED_X004_Y003,SED,6.479,14.704,6479.0,14704.0
500,/Users/dawid/Library/Mobile Documents/com~apple~CloudDocs/Dokumenty/SEM_measurements/Calibration/mag500_SED-BED/SED/Grp_001_SED_X004_Y004.png,4,4,1.64698859,500,Grp_001_SED_X004_Y004,SED,6.478,14.717,6478.0,14717.0
500,/Users/dawid/Library/Mobile Documents/com~apple~CloudDocs/Dokumenty/SEM_measurements/Calibration/mag500_SED-BED/SED/Grp_001_SED_X004_Y005.png,4,5,1.64624770444444,500,Grp_001_SED_X004_Y005,SED,6.479,14.729,6479.0,14729.0
500,/Users/dawid/Library/Mobile Documents/com~apple~CloudDocs/Dokumenty/SEM_measurements/Calibration/mag500_SED-BED/SED/Grp_001_SED_X004_Y006.png,4,6,1.64624770444444,500,Grp_001_SED_X004_Y006,SED,6.478,14.742,6478.0,14742.0
500,/Users/dawid/Library/Mobile Documents/com~apple~CloudDocs/Dokumenty/SEM_measurements/Calibration/mag500_SED-BED/SED/Grp_001_SED_X004_Y007.png,4,7,1.64180239111111,500,Grp_001_SED_X004_Y007,SED,6.479,14.754,6479.0,14754.0
500,/Users/dawid/Library/Mobile Documents/com~apple~CloudDocs/Dokumenty/SEM_measurements/Calibration/mag500_SED-BED/SED/Grp_001_SED_X004_Y008.png,4,8,1.63735707777778,500,Grp_001_SED_X004_Y008,SED,6.478,14.767,6478.0,14767.0
500,/Users/dawid/Library/Mobile Documents/com~apple~CloudDocs/Dokumenty/SEM_measurements/Calibration/mag500_SED-BED/SED/Grp_001_SED_X004_Y009.png,4,9,1.63883884888889,500,Grp_001_SED_X004_Y009,SED,6.479,14.779,6479.0,14779.0
500,/Users/dawid/Library/Mobile Documents/com~apple~CloudDocs/Dokumenty/SEM_measurements/Calibration/mag500_SED-BED/SED/Grp_001_SED_X004_Y010.png,4,10,1.64032062,500,Grp_001_SED_X004_Y010,SED,6.478,14.792,6478.0,14792.0
500,/Users/dawid/Library/Mobile Documents/com~apple~CloudDocs/Dokumenty/SEM_measurements/Calibration/mag500_SED-BED/SED/Grp_001_SED_X004_Y011.png,4,11,1.81813315333333,500,Grp_001_SED_X004_Y011,SED,6.479,14.804,6479.0,14804.0
500,/Users/dawid/Library/Mobile Documents/com~apple~CloudDocs/Dokumenty/SEM_measurements/Calibration/mag500_SED-BED/SED/Grp_001_SED_X004_Y012.png,4,12,1.636319838,500,Grp_001_SED_X004_Y012,SED,6.479,14.817,6479.0,14817.0
500,/Users/dawid/Library/Mobile Documents/com~apple~CloudDocs/Dokumenty/SEM_measurements/Calibration/mag500_SED-BED/SED/Grp_001_SED_X004_Y013.png,4,13,1.628318274,500,Grp_001_SED_X004_Y013,SED,6.479,14.829,6479.0,14829.0
500,/Users/dawid/Library/Mobile Documents/com~apple~CloudDocs/Dokumenty/SEM_measurements/Calibration/mag500_SED-BED/SED/Grp_001_SED_X004_Y014.png,4,14,1.63883884888889,500,Grp_001_SED_X004_Y014,SED,6.478,14.842,6478.0,14842.0
500,/Users/dawid/Library/Mobile Documents/com~apple~CloudDocs/Dokumenty/SEM_measurements/Calibration/mag500_SED-BED/SED/Grp_001_SED_X005_Y000.png,5,0,1.65217478888889,500,Grp_001_SED_X005_Y000,SED,6.461,14.666,6461.0,14666.0
500,/Users/dawid/Library/Mobile Documents/com~apple~CloudDocs/Dokumenty/SEM_measurements/Calibration/mag500_SED-BED/SED/Grp_001_SED_X005_Y001.png,5,1,1.65069301777778,500,Grp_001_SED_X005_Y001,SED,6.462,14.679,6462.0,14679.0
500,/Users/dawid/Library/Mobile Documents/com~apple~CloudDocs/Dokumenty/SEM_measurements/Calibration/mag500_SED-BED/SED/Grp_001_SED_X005_Y002.png,5,2,1.64772947555556,500,Grp_001_SED_X005_Y002,SED,6.461,14.691,6461.0,14691.0
500,/Users/dawid/Library/Mobile Documents/com~apple~CloudDocs/Dokumenty/SEM_measurements/Calibration/mag500_SED-BED/SED/Grp_001_SED_X005_Y003.png,5,3,1.64624770444444,500,Grp_001_SED_X005_Y003,SED,6.462,14.704,6462.0,14704.0
500,/Users/dawid/Library/Mobile Documents/com~apple~CloudDocs/Dokumenty/SEM_measurements/Calibration/mag500_SED-BED/SED/Grp_001_SED_X005_Y004.png,5,4,1.642987808,500,Grp_001_SED_X005_Y004,SED,6.461,14.717,6461.0,14717.0
500,/Users/dawid/Library/Mobile Documents/com~apple~CloudDocs/Dokumenty/SEM_measurements/Calibration/mag500_SED-BED/SED/Grp_001_SED_X005_Y005.png,5,5,1.641654214,500,Grp_001_SED_X005_Y005,SED,6.462,14.729,6462.0,14729.0
500,/Users/dawid/Library/Mobile Documents/com~apple~CloudDocs/Dokumenty/SEM_measurements/Calibration/mag500_SED-BED/SED/Grp_001_SED_X005_Y006.png,5,6,1.64328416222222,500,Grp_001_SED_X005_Y006,SED,6.461,14.742,6461.0,14742.0
500,/Users/dawid/Library/Mobile Documents/com~apple~CloudDocs/Dokumenty/SEM_measurements/Calibration/mag500_SED-BED/SED/Grp_001_SED_X005_Y007.png,5,7,1.64476593333333,500,Grp_001_SED_X005_Y007,SED,6.462,14.754,6462.0,14754.0
500,/Users/dawid/Library/Mobile Documents/com~apple~CloudDocs/Dokumenty/SEM_measurements/Calibration/mag500_SED-BED/SED/Grp_001_SED_X005_Y008.png,5,8,1.64180239111111,500,Grp_001_SED_X005_Y008,SED,6.461,14.767,6461.0,14767.0
500,/Users/dawid/Library/Mobile Documents/com~apple~CloudDocs/Dokumenty/SEM_measurements/Calibration/mag500_SED-BED/SED/Grp_001_SED_X005_Y009.png,5,9,1.63587530666667,500,Grp_001_SED_X005_Y009,SED,6.462,14.779,6462.0,14779.0
500,/Users/dawid/Library/Mobile Documents/com~apple~CloudDocs/Dokumenty/SEM_measurements/Calibration/mag500_SED-BED/SED/Grp_001_SED_X005_Y010.png,5,10,1.63439353555556,500,Grp_001_SED_X005_Y010,SED,6.462,14.792,6462.0,14792.0
500,/Users/dawid/Library/Mobile Documents/com~apple~CloudDocs/Dokumenty/SEM_measurements/Calibration/mag500_SED-BED/SED/Grp_001_SED_X005_Y011.png,5,11,1.63587530666667,500,Grp_001_SED_X005_Y011,SED,6.462,14.804,6462.0,14804.0
500,/Users/dawid/Library/Mobile Documents/com~apple~CloudDocs/Dokumenty/SEM_measurements/Calibration/mag500_SED-BED/SED/Grp_001_SED_X005_Y012.png,5,12,1.638987026,500,Grp_001_SED_X005_Y012,SED,6.462,14.817,6462.0,14817.0
500,/Users/dawid/Library/Mobile Documents/com~apple~CloudDocs/Dokumenty/SEM_measurements/Calibration/mag500_SED-BED/SED/Grp_001_SED_X005_Y013.png,5,13,1.638987026,500,Grp_001_SED_X005_Y013,SED,6.462,14.829,6462.0,14829.0
500,/Users/dawid/Library/Mobile Documents/com~apple~CloudDocs/Dokumenty/SEM_measurements/Calibration/mag500_SED-BED/SED/Grp_001_SED_X005_Y014.png,5,14,1.634986244,500,Grp_001_SED_X005_Y014,SED,6.462,14.842,6462.0,14842.0
500,/Users/dawid/Library/Mobile Documents/com~apple~CloudDocs/Dokumenty/SEM_measurements/Calibration/mag500_SED-BED/SED/Grp_001_SED_X006_Y000.png,6,0,1.65069301777778,500,Grp_001_SED_X006_Y000,SED,6.444,14.667,6444.0,14667.0
500,/Users/dawid/Library/Mobile Documents/com~apple~CloudDocs/Dokumenty/SEM_measurements/Calibration/mag500_SED-BED/SED/Grp_001_SED_X006_Y001.png,6,1,1.64772947555556,500,Grp_001_SED_X006_Y001,SED,6.445,14.679,6445.0,14679.0
500,/Users/dawid/Library/Mobile Documents/com~apple~CloudDocs/Dokumenty/SEM_measurements/Calibration/mag500_SED-BED/SED/Grp_001_SED_X006_Y002.png,6,2,1.64772947555556,500,Grp_001_SED_X006_Y002,SED,6.444,14.691,6444.0,14691.0
500,/Users/dawid/Library/Mobile Documents/com~apple~CloudDocs/Dokumenty/SEM_measurements/Calibration/mag500_SED-BED/SED/Grp_001_SED_X006_Y003.png,6,3,1.64624770444444,500,Grp_001_SED_X006_Y003,SED,6.445,14.704,6445.0,14704.0
500,/Users/dawid/Library/Mobile Documents/com~apple~CloudDocs/Dokumenty/SEM_measurements/Calibration/mag500_SED-BED/SED/Grp_001_SED_X006_Y004.png,6,4,1.64921124666667,500,Grp_001_SED_X006_Y004,SED,6.444,14.717,6444.0,14717.0
500,/Users/dawid/Library/Mobile Documents/com~apple~CloudDocs/Dokumenty/SEM_measurements/Calibration/mag500_SED-BED/SED/Grp_001_SED_X006_Y005.png,6,5,1.64772947555556,500,Grp_001_SED_X006_Y005,SED,6.445,14.729,6445.0,14729.0
500,/Users/dawid/Library/Mobile Documents/com~apple~CloudDocs/Dokumenty/SEM_measurements/Calibration/mag500_SED-BED/SED/Grp_001_SED_X006_Y006.png,6,6,1.64698859,500,Grp_001_SED_X006_Y006,SED,6.444,14.742,6444.0,14742.0
500,/Users/dawid/Library/Mobile Documents/com~apple~CloudDocs/Dokumenty/SEM_measurements/Calibration/mag500_SED-BED/SED/Grp_001_SED_X006_Y007.png,6,7,1.641654214,500,Grp_001_SED_X006_Y007,SED,6.445,14.754,6445.0,14754.0
500,/Users/dawid/Library/Mobile Documents/com~apple~CloudDocs/Dokumenty/SEM_measurements/Calibration/mag500_SED-BED/SED/Grp_001_SED_X006_Y008.png,6,8,1.64032062,500,Grp_001_SED_X006_Y008,SED,6.445,14.767,6445.0,14767.0
500,/Users/dawid/Library/Mobile Documents/com~apple~CloudDocs/Dokumenty/SEM_measurements/Calibration/mag500_SED-BED/SED/Grp_001_SED_X006_Y009.png,6,9,1.64180239111111,500,Grp_001_SED_X006_Y009,SED,6.445,14.779,6445.0,14779.0
500,/Users/dawid/Library/Mobile Documents/com~apple~CloudDocs/Dokumenty/SEM_measurements/Calibration/mag500_SED-BED/SED/Grp_001_SED_X006_Y010.png,6,10,1.84702769,500,Grp_001_SED_X006_Y010,SED,6.445,14.792,6445.0,14792.0
500,/Users/dawid/Library/Mobile Documents/com~apple~CloudDocs/Dokumenty/SEM_measurements/Calibration/mag500_SED-BED/SED/Grp_001_SED_X006_Y011.png,6,11,1.63883884888889,500,Grp_001_SED_X006_Y011,SED,6.445,14.804,6445.0,14804.0
500,/Users/dawid/Library/Mobile Documents/com~apple~CloudDocs/Dokumenty/SEM_measurements/Calibration/mag500_SED-BED/SED/Grp_001_SED_X006_Y012.png,6,12,1.64032062,500,Grp_001_SED_X006_Y012,SED,6.445,14.817,6445.0,14817.0
500,/Users/dawid/Library/Mobile Documents/com~apple~CloudDocs/Dokumenty/SEM_measurements/Calibration/mag500_SED-BED/SED/Grp_001_SED_X006_Y013.png,6,13,1.636319838,500,Grp_001_SED_X006_Y013,SED,6.445,14.83,6445.0,14830.0
500,/Users/dawid/Library/Mobile Documents/com~apple~CloudDocs/Dokumenty/SEM_measurements/Calibration/mag500_SED-BED/SED/Grp_001_SED_X006_Y014.png,6,14,1.637653432,500,Grp_001_SED_X006_Y014,SED,6.445,14.842,6445.0,14842.0
500,/Users/dawid/Library/Mobile Documents/com~apple~CloudDocs/Dokumenty/SEM_measurements/Calibration/mag500_SED-BED/SED/Grp_001_SED_X007_Y000.png,7,0,1.648322184,500,Grp_001_SED_X007_Y000,SED,6.427,14.667,6427.0,14667.0
500,/Users/dawid/Library/Mobile Documents/com~apple~CloudDocs/Dokumenty/SEM_measurements/Calibration/mag500_SED-BED/SED/Grp_001_SED_X007_Y001.png,7,1,1.65217478888889,500,Grp_001_SED_X007_Y001,SED,6.428,14.679,6428.0,14679.0
500,/Users/dawid/Library/Mobile Documents/com~apple~CloudDocs/Dokumenty/SEM_measurements/Calibration/mag500_SED-BED/SED/Grp_001_SED_X007_Y002.png,7,2,1.64772947555556,500,Grp_001_SED_X007_Y002,SED,6.428,14.691,6428.0,14691.0
500,/Users/dawid/Library/Mobile Documents/com~apple~CloudDocs/Dokumenty/SEM_measurements/Calibration/mag500_SED-BED/SED/Grp_001_SED_X007_Y003.png,7,3,1.64624770444444,500,Grp_001_SED_X007_Y003,SED,6.428,14.704,6428.0,14704.0
500,/Users/dawid/Library/Mobile Documents/com~apple~CloudDocs/Dokumenty/SEM_measurements/Calibration/mag500_SED-BED/SED/Grp_001_SED_X007_Y004.png,7,4,1.64624770444444,500,Grp_001_SED_X007_Y004,SED,6.428,14.717,6428.0,14717.0
500,/Users/dawid/Library/Mobile Documents/com~apple~CloudDocs/Dokumenty/SEM_measurements/Calibration/mag500_SED-BED/SED/Grp_001_SED_X007_Y005.png,7,5,1.64180239111111,500,Grp_001_SED_X007_Y005,SED,6.428,14.729,6428.0,14729.0
500,/Users/dawid/Library/Mobile Documents/com~apple~CloudDocs/Dokumenty/SEM_measurements/Calibration/mag500_SED-BED/SED/Grp_001_SED_X007_Y006.png,7,6,1.36693385,500,Grp_001_SED_X007_Y006,SED,6.428,14.742,6428.0,14742.0
500,/Users/dawid/Library/Mobile Documents/com~apple~CloudDocs/Dokumenty/SEM_measurements/Calibration/mag500_SED-BED/SED/Grp_001_SED_X007_Y007.png,7,7,1.645654996,500,Grp_001_SED_X007_Y007,SED,6.428,14.754,6428.0,14754.0
500,/Users/dawid/Library/Mobile Documents/com~apple~CloudDocs/Dokumenty/SEM_measurements/Calibration/mag500_SED-BED/SED/Grp_001_SED_X007_Y008.png,7,8,1.63883884888889,500,Grp_001_SED_X007_Y008,SED,6.428,14.767,6428.0,14767.0
500,/Users/dawid/Library/Mobile Documents/com~apple~CloudDocs/Dokumenty/SEM_measurements/Calibration/mag500_SED-BED/SED/Grp_001_SED_X007_Y009.png,7,9,1.63587530666667,500,Grp_001_SED_X007_Y009,SED,6.428,14.779,6428.0,14779.0
500,/Users/dawid/Library/Mobile Documents/com~apple~CloudDocs/Dokumenty/SEM_measurements/Calibration/mag500_SED-BED/SED/Grp_001_SED_X007_Y010.png,7,10,1.64328416222222,500,Grp_001_SED_X007_Y010,SED,6.428,14.792,6428.0,14792.0
500,/Users/dawid/Library/Mobile Documents/com~apple~CloudDocs/Dokumenty/SEM_measurements/Calibration/mag500_SED-BED/SED/Grp_001_SED_X007_Y011.png,7,11,1.64032062,500,Grp_001_SED_X007_Y011,SED,6.428,14.805,6428.0,14805.0
500,/Users/dawid/Library/Mobile Documents/com~apple~CloudDocs/Dokumenty/SEM_measurements/Calibration/mag500_SED-BED/SED/Grp_001_SED_X007_Y012.png,7,12,1.63587530666667,500,Grp_001_SED_X007_Y012,SED,6.428,14.817,6428.0,14817.0
500,/Users/dawid/Library/Mobile Documents/com~apple~CloudDocs/Dokumenty/SEM_measurements/Calibration/mag500_SED-BED/SED/Grp_001_SED_X007_Y013.png,7,13,1.63587530666667,500,Grp_001_SED_X007_Y013,SED,6.428,14.83,6428.0,14830.0
500,/Users/dawid/Library/Mobile Documents/com~apple~CloudDocs/Dokumenty/SEM_measurements/Calibration/mag500_SED-BED/SED/Grp_001_SED_X007_Y014.png,7,14,1.636319838,500,Grp_001_SED_X007_Y014,SED,6.428,14.842,6428.0,14842.0
500,/Users/dawid/Library/Mobile Documents/com~apple~CloudDocs/Dokumenty/SEM_measurements/Calibration/mag500_SED-BED/SED/Grp_001_SED_X008_Y000.png,8,0,1.654990154,500,Grp_001_SED_X008_Y000,SED,6.411,14.667,6411.0,14667.0
500,/Users/dawid/Library/Mobile Documents/com~apple~CloudDocs/Dokumenty/SEM_measurements/Calibration/mag500_SED-BED/SED/Grp_001_SED_X008_Y001.png,8,1,1.649655778,500,Grp_001_SED_X008_Y001,SED,6.411,14.679,6411.0,14679.0
500,/Users/dawid/Library/Mobile Documents/com~apple~CloudDocs/Dokumenty/SEM_measurements/Calibration/mag500_SED-BED/SED/Grp_001_SED_X008_Y002.png,8,2,1.64921124666667,500,Grp_001_SED_X008_Y002,SED,6.411,14.692,6411.0,14692.0
500,/Users/dawid/Library/Mobile Documents/com~apple~CloudDocs/Dokumenty/SEM_measurements/Calibration/mag500_SED-BED/SED/Grp_001_SED_X008_Y003.png,8,3,1.64476593333333,500,Grp_001_SED_X008_Y003,SED,6.411,14.704,6411.0,14704.0
500,/Users/dawid/Library/Mobile Documents/com~apple~CloudDocs/Dokumenty/SEM_measurements/Calibration/mag500_SED-BED/SED/Grp_001_SED_X008_Y004.png,8,4,1.64328416222222,500,Grp_001_SED_X008_Y004,SED,6.411,14.717,6411.0,14717.0
500,/Users/dawid/Library/Mobile Documents/com~apple~CloudDocs/Dokumenty/SEM_measurements/Calibration/mag500_SED-BED/SED/Grp_001_SED_X008_Y005.png,8,5,1.65069301777778,500,Grp_001_SED_X008_Y005,SED,6.411,14.729,6411.0,14729.0
500,/Users/dawid/Library/Mobile Documents/com~apple~CloudDocs/Dokumenty/SEM_measurements/Calibration/mag500_SED-BED/SED/Grp_001_SED_X008_Y006.png,8,6,1.64476593333333,500,Grp_001_SED_X008_Y006,SED,6.411,14.742,6411.0,14742.0
500,/Users/dawid/Library/Mobile Documents/com~apple~CloudDocs/Dokumenty/SEM_measurements/Calibration/mag500_SED-BED/SED/Grp_001_SED_X008_Y007.png,8,7,1.64476593333333,500,Grp_001_SED_X008_Y007,SED,6.411,14.754,6411.0,14754.0
500,/Users/dawid/Library/Mobile Documents/com~apple~CloudDocs/Dokumenty/SEM_measurements/Calibration/mag500_SED-BED/SED/Grp_001_SED_X008_Y008.png,8,8,1.64698859,500,Grp_001_SED_X008_Y008,SED,6.411,14.767,6411.0,14767.0
500,/Users/dawid/Library/Mobile Documents/com~apple~CloudDocs/Dokumenty/SEM_measurements/Calibration/mag500_SED-BED/SED/Grp_001_SED_X008_Y009.png,8,9,1.642987808,500,Grp_001_SED_X008_Y009,SED,6.411,14.779,6411.0,14779.0
500,/Users/dawid/Library/Mobile Documents/com~apple~CloudDocs/Dokumenty/SEM_measurements/Calibration/mag500_SED-BED/SED/Grp_001_SED_X008_Y010.png,8,10,1.63735707777778,500,Grp_001_SED_X008_Y010,SED,6.411,14.792,6411.0,14792.0
500,/Users/dawid/Library/Mobile Documents/com~apple~CloudDocs/Dokumenty/SEM_measurements/Calibration/mag500_SED-BED/SED/Grp_001_SED_X008_Y011.png,8,11,1.63291176444444,500,Grp_001_SED_X008_Y011,SED,6.411,14.805,6411.0,14805.0
500,/Users/dawid/Library/Mobile Documents/com~apple~CloudDocs/Dokumenty/SEM_measurements/Calibration/mag500_SED-BED/SED/Grp_001_SED_X008_Y012.png,8,12,1.63735707777778,500,Grp_001_SED_X008_Y012,SED,6.411,14.817,6411.0,14817.0
500,/Users/dawid/Library/Mobile Documents/com~apple~CloudDocs/Dokumenty/SEM_measurements/Calibration/mag500_SED-BED/SED/Grp_001_SED_X008_Y013.png,8,13,1.63587530666667,500,Grp_001_SED_X008_Y013,SED,6.411,14.83,6411.0,14830.0
500,/Users/dawid/Library/Mobile Documents/com~apple~CloudDocs/Dokumenty/SEM_measurements/Calibration/mag500_SED-BED/SED/Grp_001_SED_X008_Y014.png,8,14,1.63439353555556,500,Grp_001_SED_X008_Y014,SED,6.411,14.842,6411.0,14842.0
500,/Users/dawid/Library/Mobile Documents/com~apple~CloudDocs/Dokumenty/SEM_measurements/Calibration/mag500_SED-BED/SED/Grp_001_SED_X009_Y000.png,9,0,1.484290122,500,Grp_001_SED_X009_Y000,SED,6.394,14.667,6394.0,14667.0
500,/Users/dawid/Library/Mobile Documents/com~apple~CloudDocs/Dokumenty/SEM_measurements/Calibration/mag500_SED-BED/SED/Grp_001_SED_X009_Y001.png,9,1,1.49604999636364,500,Grp_001_SED_X009_Y001,SED,6.394,14.679,6394.0,14679.0
500,/Users/dawid/Library/Mobile Documents/com~apple~CloudDocs/Dokumenty/SEM_measurements/Calibration/mag500_SED-BED/SED/Grp_001_SED_X009_Y002.png,9,2,1.48695731,500,Grp_001_SED_X009_Y002,SED,6.394,14.692,6394.0,14692.0
500,/Users/dawid/Library/Mobile Documents/com~apple~CloudDocs/Dokumenty/SEM_measurements/Calibration/mag500_SED-BED/SED/Grp_001_SED_X009_Y003.png,9,3,1.64921124666667,500,Grp_001_SED_X009_Y003,SED,6.394,14.704,6394.0,14704.0
500,/Users/dawid/Library/Mobile Documents/com~apple~CloudDocs/Dokumenty/SEM_measurements/Calibration/mag500_SED-BED/SED/Grp_001_SED_X009_Y004.png,9,4,1.64476593333333,500,Grp_001_SED_X009_Y004,SED,6.394,14.717,6394.0,14717.0
500,/Users/dawid/Library/Mobile Documents/com~apple~CloudDocs/Dokumenty/SEM_measurements/Calibration/mag500_SED-BED/SED/Grp_001_SED_X009_Y005.png,9,5,1.64328416222222,500,Grp_001_SED_X009_Y005,SED,6.394,14.729,6394.0,14729.0
500,/Users/dawid/Library/Mobile Documents/com~apple~CloudDocs/Dokumenty/SEM_measurements/Calibration/mag500_SED-BED/SED/Grp_001_SED_X009_Y006.png,9,6,1.478955746,500,Grp_001_SED_X009_Y006,SED,6.394,14.742,6394.0,14742.0
500,/Users/dawid/Library/Mobile Documents/com~apple~CloudDocs/Dokumenty/SEM_measurements/Calibration/mag500_SED-BED/SED/Grp_001_SED_X009_Y007.png,9,7,1.48028934,500,Grp_001_SED_X009_Y007,SED,6.394,14.754,6394.0,14754.0
500,/Users/dawid/Library/Mobile Documents/com~apple~CloudDocs/Dokumenty/SEM_measurements/Calibration/mag500_SED-BED/SED/Grp_001_SED_X009_Y008.png,9,8,1.49241292181818,500,Grp_001_SED_X009_Y008,SED,6.394,14.767,6394.0,14767.0
500,/Users/dawid/Library/Mobile Documents/com~apple~CloudDocs/Dokumenty/SEM_measurements/Calibration/mag500_SED-BED/SED/Grp_001_SED_X009_Y009.png,9,9,1.49483763818182,500,Grp_001_SED_X009_Y009,SED,6.394,14.779,6394.0,14779.0
500,/Users/dawid/Library/Mobile Documents/com~apple~CloudDocs/Dokumenty/SEM_measurements/Calibration/mag500_SED-BED/SED/Grp_001_SED_X009_Y010.png,9,10,1.48756348909091,500,Grp_001_SED_X009_Y010,SED,6.394,14.792,6394.0,14792.0
500,/Users/dawid/Library/Mobile Documents/com~apple~CloudDocs/Dokumenty/SEM_measurements/Calibration/mag500_SED-BED/SED/Grp_001_SED_X009_Y011.png,9,11,1.477622152,500,Grp_001_SED_X009_Y011,SED,6.395,14.805,6395.0,14805.0
500,/Users/dawid/Library/Mobile Documents/com~apple~CloudDocs/Dokumenty/SEM_measurements/Calibration/mag500_SED-BED/SED/Grp_001_SED_X009_Y012.png,9,12,1.63883884888889,500,Grp_001_SED_X009_Y012,SED,6.394,14.817,6394.0,14817.0
500,/Users/dawid/Library/Mobile Documents/com~apple~CloudDocs/Dokumenty/SEM_measurements/Calibration/mag500_SED-BED/SED/Grp_001_SED_X009_Y013.png,9,13,1.470954182,500,Grp_001_SED_X009_Y013,SED,6.395,14.83,6395.0,14830.0
500,/Users/dawid/Library/Mobile Documents/com~apple~CloudDocs/Dokumenty/SEM_measurements/Calibration/mag500_SED-BED/SED/Grp_001_SED_X009_Y014.png,9,14,1.47362137,500,Grp_001_SED_X009_Y014,SED,6.394,14.842,6394.0,14842.0
500,/Users/dawid/Library/Mobile Documents/com~apple~CloudDocs/Dokumenty/SEM_measurements/Calibration/mag500_SED-BED/SED/Grp_001_SED_X010_Y000.png,10,0,1.64772947555556,500,Grp_001_SED_X010_Y000,SED,6.377,14.667,6377.0,14667.0
500,/Users/dawid/Library/Mobile Documents/com~apple~CloudDocs/Dokumenty/SEM_measurements/Calibration/mag500_SED-BED/SED/Grp_001_SED_X010_Y001.png,10,1,1.64772947555556,500,Grp_001_SED_X010_Y001,SED,6.377,14.679,6377.0,14679.0
500,/Users/dawid/Library/Mobile Documents/com~apple~CloudDocs/Dokumenty/SEM_measurements/Calibration/mag500_SED-BED/SED/Grp_001_SED_X010_Y002.png,10,2,1.83146909333333,500,Grp_001_SED_X010_Y002,SED,6.377,14.692,6377.0,14692.0
500,/Users/dawid/Library/Mobile Documents/com~apple~CloudDocs/Dokumenty/SEM_measurements/Calibration/mag500_SED-BED/SED/Grp_001_SED_X010_Y003.png,10,3,1.648322184,500,Grp_001_SED_X010_Y003,SED,6.377,14.704,6377.0,14704.0
500,/Users/dawid/Library/Mobile Documents/com~apple~CloudDocs/Dokumenty/SEM_measurements/Calibration/mag500_SED-BED/SED/Grp_001_SED_X010_Y004.png,10,4,1.64476593333333,500,Grp_001_SED_X010_Y004,SED,6.377,14.717,6377.0,14717.0
500,/Users/dawid/Library/Mobile Documents/com~apple~CloudDocs/Dokumenty/SEM_measurements/Calibration/mag500_SED-BED/SED/Grp_001_SED_X010_Y005.png,10,5,1.64180239111111,500,Grp_001_SED_X010_Y005,SED,6.377,14.729,6377.0,14729.0
500,/Users/dawid/Library/Mobile Documents/com~apple~CloudDocs/Dokumenty/SEM_measurements/Calibration/mag500_SED-BED/SED/Grp_001_SED_X010_Y006.png,10,6,1.64328416222222,500,Grp_001_SED_X010_Y006,SED,6.377,14.742,6377.0,14742.0
500,/Users/dawid/Library/Mobile Documents/com~apple~CloudDocs/Dokumenty/SEM_measurements/Calibration/mag500_SED-BED/SED/Grp_001_SED_X010_Y007.png,10,7,1.64328416222222,500,Grp_001_SED_X010_Y007,SED,6.377,14.754,6377.0,14754.0
500,/Users/dawid/Library/Mobile Documents/com~apple~CloudDocs/Dokumenty/SEM_measurements/Calibration/mag500_SED-BED/SED/Grp_001_SED_X010_Y008.png,10,8,1.63883884888889,500,Grp_001_SED_X010_Y008,SED,6.377,14.767,6377.0,14767.0
500,/Users/dawid/Library/Mobile Documents/com~apple~CloudDocs/Dokumenty/SEM_measurements/Calibration/mag500_SED-BED/SED/Grp_001_SED_X010_Y009.png,10,9,1.63439353555556,500,Grp_001_SED_X010_Y009,SED,6.378,14.779,6378.0,14779.0
500,/Users/dawid/Library/Mobile Documents/com~apple~CloudDocs/Dokumenty/SEM_measurements/Calibration/mag500_SED-BED/SED/Grp_001_SED_X010_Y010.png,10,10,1.638987026,500,Grp_001_SED_X010_Y010,SED,6.377,14.792,6377.0,14792.0
500,/Users/dawid/Library/Mobile Documents/com~apple~CloudDocs/Dokumenty/SEM_measurements/Calibration/mag500_SED-BED/SED/Grp_001_SED_X010_Y011.png,10,11,1.636319838,500,Grp_001_SED_X010_Y011,SED,6.378,14.805,6378.0,14805.0
500,/Users/dawid/Library/Mobile Documents/com~apple~CloudDocs/Dokumenty/SEM_measurements/Calibration/mag500_SED-BED/SED/Grp_001_SED_X010_Y012.png,10,12,1.63587530666667,500,Grp_001_SED_X010_Y012,SED,6.377,14.817,6377.0,14817.0
500,/Users/dawid/Library/Mobile Documents/com~apple~CloudDocs/Dokumenty/SEM_measurements/Calibration/mag500_SED-BED/SED/Grp_001_SED_X010_Y013.png,10,13,1.63735707777778,500,Grp_001_SED_X010_Y013,SED,6.378,14.83,6378.0,14830.0
500,/Users/dawid/Library/Mobile Documents/com~apple~CloudDocs/Dokumenty/SEM_measurements/Calibration/mag500_SED-BED/SED/Grp_001_SED_X010_Y014.png,10,14,1.63439353555556,500,Grp_001_SED_X010_Y014,SED,6.377,14.842,6377.0,14842.0
500,/Users/dawid/Library/Mobile Documents/com~apple~CloudDocs/Dokumenty/SEM_measurements/Calibration/mag500_SED-BED/SED/Grp_001_SED_X011_Y000.png,11,0,1.64921124666667,500,Grp_001_SED_X011_Y000,SED,6.36,14.667,6360.0,14667.0
500,/Users/dawid/Library/Mobile Documents/com~apple~CloudDocs/Dokumenty/SEM_measurements/Calibration/mag500_SED-BED/SED/Grp_001_SED_X011_Y001.png,11,1,1.63883884888889,500,Grp_001_SED_X011_Y001,SED,6.36,14.679,6360.0,14679.0
500,/Users/dawid/Library/Mobile Documents/com~apple~CloudDocs/Dokumenty/SEM_measurements/Calibration/mag500_SED-BED/SED/Grp_001_SED_X011_Y002.png,11,2,1.64772947555556,500,Grp_001_SED_X011_Y002,SED,6.36,14.692,6360.0,14692.0
500,/Users/dawid/Library/Mobile Documents/com~apple~CloudDocs/Dokumenty/SEM_measurements/Calibration/mag500_SED-BED/SED/Grp_001_SED_X011_Y003.png,11,3,1.64476593333333,500,Grp_001_SED_X011_Y003,SED,6.36,14.704,6360.0,14704.0
500,/Users/dawid/Library/Mobile Documents/com~apple~CloudDocs/Dokumenty/SEM_measurements/Calibration/mag500_SED-BED/SED/Grp_001_SED_X011_Y004.png,11,4,1.641654214,500,Grp_001_SED_X011_Y004,SED,6.36,14.717,6360.0,14717.0
500,/Users/dawid/Library/Mobile Documents/com~apple~CloudDocs/Dokumenty/SEM_measurements/Calibration/mag500_SED-BED/SED/Grp_001_SED_X011_Y005.png,11,5,1.642987808,500,Grp_001_SED_X011_Y005,SED,6.361,14.729,6361.0,14729.0
500,/Users/dawid/Library/Mobile Documents/com~apple~CloudDocs/Dokumenty/SEM_measurements/Calibration/mag500_SED-BED/SED/Grp_001_SED_X011_Y006.png,11,6,1.64328416222222,500,Grp_001_SED_X011_Y006,SED,6.36,14.742,6360.0,14742.0
500,/Users/dawid/Library/Mobile Documents/com~apple~CloudDocs/Dokumenty/SEM_measurements/Calibration/mag500_SED-BED/SED/Grp_001_SED_X011_Y007.png,11,7,1.64180239111111,500,Grp_001_SED_X011_Y007,SED,6.361,14.754,6361.0,14754.0
500,/Users/dawid/Library/Mobile Documents/com~apple~CloudDocs/Dokumenty/SEM_measurements/Calibration/mag500_SED-BED/SED/Grp_001_SED_X011_Y008.png,11,8,1.63883884888889,500,Grp_001_SED_X011_Y008,SED,6.36,14.767,6360.0,14767.0
500,/Users/dawid/Library/Mobile Documents/com~apple~CloudDocs/Dokumenty/SEM_measurements/Calibration/mag500_SED-BED/SED/Grp_001_SED_X011_Y009.png,11,9,1.64032062,500,Grp_001_SED_X011_Y009,SED,6.361,14.779,6361.0,14779.0
500,/Users/dawid/Library/Mobile Documents/com~apple~CloudDocs/Dokumenty/SEM_measurements/Calibration/mag500_SED-BED/SED/Grp_001_SED_X011_Y010.png,11,10,1.63439353555556,500,Grp_001_SED_X011_Y010,SED,6.36,14.792,6360.0,14792.0
500,/Users/dawid/Library/Mobile Documents/com~apple~CloudDocs/Dokumenty/SEM_measurements/Calibration/mag500_SED-BED/SED/Grp_001_SED_X011_Y011.png,11,11,1.641654214,500,Grp_001_SED_X011_Y011,SED,6.361,14.805,6361.0,14805.0
500,/Users/dawid/Library/Mobile Documents/com~apple~CloudDocs/Dokumenty/SEM_measurements/Calibration/mag500_SED-BED/SED/Grp_001_SED_X011_Y012.png,11,12,1.638987026,500,Grp_001_SED_X011_Y012,SED,6.36,14.817,6360.0,14817.0
500,/Users/dawid/Library/Mobile Documents/com~apple~CloudDocs/Dokumenty/SEM_measurements/Calibration/mag500_SED-BED/SED/Grp_001_SED_X011_Y013.png,11,13,1.63735707777778,500,Grp_001_SED_X011_Y013,SED,6.361,14.83,6361.0,14830.0
500,/Users/dawid/Library/Mobile Documents/com~apple~CloudDocs/Dokumenty/SEM_measurements/Calibration/mag500_SED-BED/SED/Grp_001_SED_X011_Y014.png,11,14,1.63735707777778,500,Grp_001_SED_X011_Y014,SED,6.36,14.842,6360.0,14842.0
500,/Users/dawid/Library/Mobile Documents/com~apple~CloudDocs/Dokumenty/SEM_measurements/Calibration/mag500_SED-BED/SED/Grp_001_SED_X012_Y000.png,12,0,1.65217478888889,500,Grp_001_SED_X012_Y000,SED,6.343,14.667,6343.0,14667.0
500,/Users/dawid/Library/Mobile Documents/com~apple~CloudDocs/Dokumenty/SEM_measurements/Calibration/mag500_SED-BED/SED/Grp_001_SED_X012_Y001.png,12,1,1.65365656,500,Grp_001_SED_X012_Y001,SED,6.344,14.679,6344.0,14679.0
500,/Users/dawid/Library/Mobile Documents/com~apple~CloudDocs/Dokumenty/SEM_measurements/Calibration/mag500_SED-BED/SED/Grp_001_SED_X012_Y002.png,12,2,1.64624770444444,500,Grp_001_SED_X012_Y002,SED,6.343,14.692,6343.0,14692.0
500,/Users/dawid/Library/Mobile Documents/com~apple~CloudDocs/Dokumenty/SEM_measurements/Calibration/mag500_SED-BED/SED/Grp_001_SED_X012_Y003.png,12,3,1.64921124666667,500,Grp_001_SED_X012_Y003,SED,6.344,14.704,6344.0,14704.0
500,/Users/dawid/Library/Mobile Documents/com~apple~CloudDocs/Dokumenty/SEM_measurements/Calibration/mag500_SED-BED/SED/Grp_001_SED_X012_Y004.png,12,4,1.64698859,500,Grp_001_SED_X012_Y004,SED,6.343,14.717,6343.0,14717.0
500,/Users/dawid/Library/Mobile Documents/com~apple~CloudDocs/Dokumenty/SEM_measurements/Calibration/mag500_SED-BED/SED/Grp_001_SED_X012_Y005.png,12,5,1.644321402,500,Grp_001_SED_X012_Y005,SED,6.344,14.729,6344.0,14729.0
500,/Users/dawid/Library/Mobile Documents/com~apple~CloudDocs/Dokumenty/SEM_measurements/Calibration/mag500_SED-BED/SED/Grp_001_SED_X012_Y006.png,12,6,1.64180239111111,500,Grp_001_SED_X012_Y006,SED,6.343,14.742,6343.0,14742.0
500,/Users/dawid/Library/Mobile Documents/com~apple~CloudDocs/Dokumenty/SEM_measurements/Calibration/mag500_SED-BED/SED/Grp_001_SED_X012_Y007.png,12,7,1.64032062,500,Grp_001_SED_X012_Y007,SED,6.344,14.754,6344.0,14754.0
500,/Users/dawid/Library/Mobile Documents/com~apple~CloudDocs/Dokumenty/SEM_measurements/Calibration/mag500_SED-BED/SED/Grp_001_SED_X012_Y008.png,12,8,1.63883884888889,500,Grp_001_SED_X012_Y008,SED,6.343,14.767,6343.0,14767.0
500,/Users/dawid/Library/Mobile Documents/com~apple~CloudDocs/Dokumenty/SEM_measurements/Calibration/mag500_SED-BED/SED/Grp_001_SED_X012_Y009.png,12,9,1.64328416222222,500,Grp_001_SED_X012_Y009,SED,6.344,14.779,6344.0,14779.0
500,/Users/dawid/Library/Mobile Documents/com~apple~CloudDocs/Dokumenty/SEM_measurements/Calibration/mag500_SED-BED/SED/Grp_001_SED_X012_Y010.png,12,10,1.8453606975,500,Grp_001_SED_X012_Y010,SED,6.343,14.792,6343.0,14792.0
500,/Users/dawid/Library/Mobile Documents/com~apple~CloudDocs/Dokumenty/SEM_measurements/Calibration/mag500_SED-BED/SED/Grp_001_SED_X012_Y011.png,12,11,1.63291176444444,500,Grp_001_SED_X012_Y011,SED,6.344,14.805,6344.0,14805.0
500,/Users/dawid/Library/Mobile Documents/com~apple~CloudDocs/Dokumenty/SEM_measurements/Calibration/mag500_SED-BED/SED/Grp_001_SED_X012_Y012.png,12,12,1.638987026,500,Grp_001_SED_X012_Y012,SED,6.343,14.817,6343.0,14817.0
500,/Users/dawid/Library/Mobile Documents/com~apple~CloudDocs/Dokumenty/SEM_measurements/Calibration/mag500_SED-BED/SED/Grp_001_SED_X012_Y013.png,12,13,1.48635113090909,500,Grp_001_SED_X012_Y013,SED,6.344,14.83,6344.0,14830.0
500,/Users/dawid/Library/Mobile Documents/com~apple~CloudDocs/Dokumenty/SEM_measurements/Calibration/mag500_SED-BED/SED/Grp_001_SED_X012_Y014.png,12,14,1.48271405636364,500,Grp_001_SED_X012_Y014,SED,6.344,14.842,6344.0,14842.0
500,/Users/dawid/Library/Mobile Documents/com~apple~CloudDocs/Dokumenty/SEM_measurements/Calibration/mag500_SED-BED/SED/Grp_001_SED_X013_Y000.png,13,0,1.64772947555556,500,Grp_001_SED_X013_Y000,SED,6.326,14.667,6326.0,14667.0
500,/Users/dawid/Library/Mobile Documents/com~apple~CloudDocs/Dokumenty/SEM_measurements/Calibration/mag500_SED-BED/SED/Grp_001_SED_X013_Y001.png,13,1,1.64921124666667,500,Grp_001_SED_X013_Y001,SED,6.327,14.679,6327.0,14679.0
500,/Users/dawid/Library/Mobile Documents/com~apple~CloudDocs/Dokumenty/SEM_measurements/Calibration/mag500_SED-BED/SED/Grp_001_SED_X013_Y002.png,13,2,1.65069301777778,500,Grp_001_SED_X013_Y002,SED,6.326,14.692,6326.0,14692.0
500,/Users/dawid/Library/Mobile Documents/com~apple~CloudDocs/Dokumenty/SEM_measurements/Calibration/mag500_SED-BED/SED/Grp_001_SED_X013_Y003.png,13,3,1.64328416222222,500,Grp_001_SED_X013_Y003,SED,6.327,14.704,6327.0,14704.0
500,/Users/dawid/Library/Mobile Documents/com~apple~CloudDocs/Dokumenty/SEM_measurements/Calibration/mag500_SED-BED/SED/Grp_001_SED_X013_Y004.png,13,4,1.64328416222222,500,Grp_001_SED_X013_Y004,SED,6.326,14.717,6326.0,14717.0
500,/Users/dawid/Library/Mobile Documents/com~apple~CloudDocs/Dokumenty/SEM_measurements/Calibration/mag500_SED-BED/SED/Grp_001_SED_X013_Y005.png,13,5,1.64624770444444,500,Grp_001_SED_X013_Y005,SED,6.327,14.729,6327.0,14729.0
500,/Users/dawid/Library/Mobile Documents/com~apple~CloudDocs/Dokumenty/SEM_measurements/Calibration/mag500_SED-BED/SED/Grp_001_SED_X013_Y006.png,13,6,1.637653432,500,Grp_001_SED_X013_Y006,SED,6.326,14.742,6326.0,14742.0
500,/Users/dawid/Library/Mobile Documents/com~apple~CloudDocs/Dokumenty/SEM_measurements/Calibration/mag500_SED-BED/SED/Grp_001_SED_X013_Y007.png,13,7,1.641654214,500,Grp_001_SED_X013_Y007,SED,6.327,14.754,6327.0,14754.0
500,/Users/dawid/Library/Mobile Documents/com~apple~CloudDocs/Dokumenty/SEM_measurements/Calibration/mag500_SED-BED/SED/Grp_001_SED_X013_Y008.png,13,8,1.63587530666667,500,Grp_001_SED_X013_Y008,SED,6.327,14.767,6327.0,14767.0
500,/Users/dawid/Library/Mobile Documents/com~apple~CloudDocs/Dokumenty/SEM_measurements/Calibration/mag500_SED-BED/SED/Grp_001_SED_X013_Y009.png,13,9,1.64180239111111,500,Grp_001_SED_X013_Y009,SED,6.327,14.779,6327.0,14779.0
500,/Users/dawid/Library/Mobile Documents/com~apple~CloudDocs/Dokumenty/SEM_measurements/Calibration/mag500_SED-BED/SED/Grp_001_SED_X013_Y010.png,13,10,1.64328416222222,500,Grp_001_SED_X013_Y010,SED,6.327,14.792,6327.0,14792.0
500,/Users/dawid/Library/Mobile Documents/com~apple~CloudDocs/Dokumenty/SEM_measurements/Calibration/mag500_SED-BED/SED/Grp_001_SED_X013_Y011.png,13,11,1.63883884888889,500,Grp_001_SED_X013_Y011,SED,6.327,14.805,6327.0,14805.0
500,/Users/dawid/Library/Mobile Documents/com~apple~CloudDocs/Dokumenty/SEM_measurements/Calibration/mag500_SED-BED/SED/Grp_001_SED_X013_Y012.png,13,12,1.63291176444444,500,Grp_001_SED_X013_Y012,SED,6.327,14.817,6327.0,14817.0
500,/Users/dawid/Library/Mobile Documents/com~apple~CloudDocs/Dokumenty/SEM_measurements/Calibration/mag500_SED-BED/SED/Grp_001_SED_X013_Y013.png,13,13,1.637653432,500,Grp_001_SED_X013_Y013,SED,6.327,14.83,6327.0,14830.0
500,/Users/dawid/Library/Mobile Documents/com~apple~CloudDocs/Dokumenty/SEM_measurements/Calibration/mag500_SED-BED/SED/Grp_001_SED_X013_Y014.png,13,14,1.48877584727273,500,Grp_001_SED_X013_Y014,SED,6.327,14.842,6327.0,14842.0
500,/Users/dawid/Library/Mobile Documents/com~apple~CloudDocs/Dokumenty/SEM_measurements/Calibration/mag500_SED-BED/SED/Grp_001_SED_X014_Y000.png,14,0,1.64624770444444,500,Grp_001_SED_X014_Y000,SED,6.309,14.667,6309.0,14667.0
500,/Users/dawid/Library/Mobile Documents/com~apple~CloudDocs/Dokumenty/SEM_measurements/Calibration/mag500_SED-BED/SED/Grp_001_SED_X014_Y001.png,14,1,1.65069301777778,500,Grp_001_SED_X014_Y001,SED,6.31,14.679,6310.0,14679.0
500,/Users/dawid/Library/Mobile Documents/com~apple~CloudDocs/Dokumenty/SEM_measurements/Calibration/mag500_SED-BED/SED/Grp_001_SED_X014_Y002.png,14,2,1.64624770444444,500,Grp_001_SED_X014_Y002,SED,6.309,14.692,6309.0,14692.0
500,/Users/dawid/Library/Mobile Documents/com~apple~CloudDocs/Dokumenty/SEM_measurements/Calibration/mag500_SED-BED/SED/Grp_001_SED_X014_Y003.png,14,3,1.64921124666667,500,Grp_001_SED_X014_Y003,SED,6.31,14.704,6310.0,14704.0
500,/Users/dawid/Library/Mobile Documents/com~apple~CloudDocs/Dokumenty/SEM_measurements/Calibration/mag500_SED-BED/SED/Grp_001_SED_X014_Y004.png,14,4,1.64772947555556,500,Grp_001_SED_X014_Y004,SED,6.309,14.717,6309.0,14717.0
500,/Users/dawid/Library/Mobile Documents/com~apple~CloudDocs/Dokumenty/SEM_measurements/Calibration/mag500_SED-BED/SED/Grp_001_SED_X014_Y005.png,14,5,1.64476593333333,500,Grp_001_SED_X014_Y005,SED,6.31,14.73,6310.0,14730.0
500,/Users/dawid/Library/Mobile Documents/com~apple~CloudDocs/Dokumenty/SEM_measurements/Calibration/mag500_SED-BED/SED/Grp_001_SED_X014_Y006.png,14,6,1.645654996,500,Grp_001_SED_X014_Y006,SED,6.31,14.742,6310.0,14742.0
500,/Users/dawid/Library/Mobile Documents/com~apple~CloudDocs/Dokumenty/SEM_measurements/Calibration/mag500_SED-BED/SED/Grp_001_SED_X014_Y007.png,14,7,1.64032062,500,Grp_001_SED_X014_Y007,SED,6.31,14.755,6310.0,14755.0
500,/Users/dawid/Library/Mobile Documents/com~apple~CloudDocs/Dokumenty/SEM_measurements/Calibration/mag500_SED-BED/SED/Grp_001_SED_X014_Y008.png,14,8,1.64921124666667,500,Grp_001_SED_X014_Y008,SED,6.31,14.767,6310.0,14767.0
500,/Users/dawid/Library/Mobile Documents/com~apple~CloudDocs/Dokumenty/SEM_measurements/Calibration/mag500_SED-BED/SED/Grp_001_SED_X014_Y009.png,14,9,1.63439353555556,500,Grp_001_SED_X014_Y009,SED,6.31,14.78,6310.0,14780.0
500,/Users/dawid/Library/Mobile Documents/com~apple~CloudDocs/Dokumenty/SEM_measurements/Calibration/mag500_SED-BED/SED/Grp_001_SED_X014_Y010.png,14,10,1.63883884888889,500,Grp_001_SED_X014_Y010,SED,6.31,14.792,6310.0,14792.0
500,/Users/dawid/Library/Mobile Documents/com~apple~CloudDocs/Dokumenty/SEM_measurements/Calibration/mag500_SED-BED/SED/Grp_001_SED_X014_Y011.png,14,11,1.63735707777778,500,Grp_001_SED_X014_Y011,SED,6.31,14.805,6310.0,14805.0
500,/Users/dawid/Library/Mobile Documents/com~apple~CloudDocs/Dokumenty/SEM_measurements/Calibration/mag500_SED-BED/SED/Grp_001_SED_X014_Y012.png,14,12,1.63439353555556,500,Grp_001_SED_X014_Y012,SED,6.31,14.817,6310.0,14817.0
500,/Users/dawid/Library/Mobile Documents/com~apple~CloudDocs/Dokumenty/SEM_measurements/Calibration/mag500_SED-BED/SED/Grp_001_SED_X014_Y013.png,14,13,2.0320638575,500,Grp_001_SED_X014_Y013,SED,6.31,14.83,6310.0,14830.0
500,/Users/dawid/Library/Mobile Documents/com~apple~CloudDocs/Dokumenty/SEM_measurements/Calibration/mag500_SED-BED/SED/Grp_001_SED_X014_Y014.png,14,14,1.63587530666667,500,Grp_001_SED_X014_Y014,SED,6.31,14.842,6310.0,14842.0
400,/Users/dawid/Library/Mobile Documents/com~apple~CloudDocs/Dokumenty/SEM_measurements/Calibration/mag400_SED-BED/SED/Grp_002_SED_X000_Y000.png,0,0,1.64772947555556,400,Grp_002_SED_X000_Y000,SED,6.577,14.643,6577.0,14643.0
400,/Users/dawid/Library/Mobile Documents/com~apple~CloudDocs/Dokumenty/SEM_measurements/Calibration/mag400_SED-BED/SED/Grp_002_SED_X000_Y001.png,0,1,1.64921124666667,400,Grp_002_SED_X000_Y001,SED,6.577,14.656,6577.0,14656.0
400,/Users/dawid/Library/Mobile Documents/com~apple~CloudDocs/Dokumenty/SEM_measurements/Calibration/mag400_SED-BED/SED/Grp_002_SED_X000_Y002.png,0,2,1.64180239111111,400,Grp_002_SED_X000_Y002,SED,6.577,14.669,6577.0,14669.0
400,/Users/dawid/Library/Mobile Documents/com~apple~CloudDocs/Dokumenty/SEM_measurements/Calibration/mag400_SED-BED/SED/Grp_002_SED_X000_Y003.png,0,3,1.64476593333333,400,Grp_002_SED_X000_Y003,SED,6.577,14.681,6577.0,14681.0
400,/Users/dawid/Library/Mobile Documents/com~apple~CloudDocs/Dokumenty/SEM_measurements/Calibration/mag400_SED-BED/SED/Grp_002_SED_X000_Y004.png,0,4,1.64032062,400,Grp_002_SED_X000_Y004,SED,6.577,14.694,6577.0,14694.0
400,/Users/dawid/Library/Mobile Documents/com~apple~CloudDocs/Dokumenty/SEM_measurements/Calibration/mag400_SED-BED/SED/Grp_002_SED_X000_Y005.png,0,5,1.64624770444444,400,Grp_002_SED_X000_Y005,SED,6.577,14.706,6577.0,14706.0
400,/Users/dawid/Library/Mobile Documents/com~apple~CloudDocs/Dokumenty/SEM_measurements/Calibration/mag400_SED-BED/SED/Grp_002_SED_X000_Y006.png,0,6,1.645654996,400,Grp_002_SED_X000_Y006,SED,6.577,14.719,6577.0,14719.0
400,/Users/dawid/Library/Mobile Documents/com~apple~CloudDocs/Dokumenty/SEM_measurements/Calibration/mag400_SED-BED/SED/Grp_002_SED_X000_Y007.png,0,7,1.644321402,400,Grp_002_SED_X000_Y007,SED,6.577,14.731,6577.0,14731.0
400,/Users/dawid/Library/Mobile Documents/com~apple~CloudDocs/Dokumenty/SEM_measurements/Calibration/mag400_SED-BED/SED/Grp_002_SED_X000_Y008.png,0,8,1.64328416222222,400,Grp_002_SED_X000_Y008,SED,6.577,14.744,6577.0,14744.0
400,/Users/dawid/Library/Mobile Documents/com~apple~CloudDocs/Dokumenty/SEM_measurements/Calibration/mag400_SED-BED/SED/Grp_002_SED_X000_Y009.png,0,9,1.645654996,400,Grp_002_SED_X000_Y009,SED,6.577,14.756,6577.0,14756.0
400,/Users/dawid/Library/Mobile Documents/com~apple~CloudDocs/Dokumenty/SEM_measurements/Calibration/mag400_SED-BED/SED/Grp_002_SED_X000_Y010.png,0,10,1.64921124666667,400,Grp_002_SED_X000_Y010,SED,6.577,14.769,6577.0,14769.0
400,/Users/dawid/Library/Mobile Documents/com~apple~CloudDocs/Dokumenty/SEM_measurements/Calibration/mag400_SED-BED/SED/Grp_002_SED_X000_Y011.png,0,11,1.64476593333333,400,Grp_002_SED_X000_Y011,SED,6.577,14.781,6577.0,14781.0
400,/Users/dawid/Library/Mobile Documents/com~apple~CloudDocs/Dokumenty/SEM_measurements/Calibration/mag400_SED-BED/SED/Grp_002_SED_X000_Y012.png,0,12,1.64772947555556,400,Grp_002_SED_X000_Y012,SED,6.577,14.794,6577.0,14794.0
400,/Users/dawid/Library/Mobile Documents/com~apple~CloudDocs/Dokumenty/SEM_measurements/Calibration/mag400_SED-BED/SED/Grp_002_SED_X000_Y013.png,0,13,1.645654996,400,Grp_002_SED_X000_Y013,SED,6.578,14.806,6578.0,14806.0
400,/Users/dawid/Library/Mobile Documents/com~apple~CloudDocs/Dokumenty/SEM_measurements/Calibration/mag400_SED-BED/SED/Grp_002_SED_X000_Y014.png,0,14,1.63587530666667,400,Grp_002_SED_X000_Y014,SED,6.577,14.819,6577.0,14819.0
400,/Users/dawid/Library/Mobile Documents/com~apple~CloudDocs/Dokumenty/SEM_measurements/Calibration/mag400_SED-BED/SED/Grp_002_SED_X000_Y015.png,0,15,1.64180239111111,400,Grp_002_SED_X000_Y015,SED,6.578,14.832,6578.0,14832.0
400,/Users/dawid/Library/Mobile Documents/com~apple~CloudDocs/Dokumenty/SEM_measurements/Calibration/mag400_SED-BED/SED/Grp_002_SED_X000_Y016.png,0,16,1.644321402,400,Grp_002_SED_X000_Y016,SED,6.577,14.844,6577.0,14844.0
400,/Users/dawid/Library/Mobile Documents/com~apple~CloudDocs/Dokumenty/SEM_measurements/Calibration/mag400_SED-BED/SED/Grp_002_SED_X000_Y017.png,0,17,1.64476593333333,400,Grp_002_SED_X000_Y017,SED,6.578,14.857,6578.0,14857.0
400,/Users/dawid/Library/Mobile Documents/com~apple~CloudDocs/Dokumenty/SEM_measurements/Calibration/mag400_SED-BED/SED/Grp_002_SED_X000_Y018.png,0,18,1.64180239111111,400,Grp_002_SED_X000_Y018,SED,6.577,14.869,6577.0,14869.0
400,/Users/dawid/Library/Mobile Documents/com~apple~CloudDocs/Dokumenty/SEM_measurements/Calibration/mag400_SED-BED/SED/Grp_002_SED_X001_Y000.png,1,0,1.64772947555556,400,Grp_002_SED_X001_Y000,SED,6.56,14.644,6560.0,14644.0
400,/Users/dawid/Library/Mobile Documents/com~apple~CloudDocs/Dokumenty/SEM_measurements/Calibration/mag400_SED-BED/SED/Grp_002_SED_X001_Y001.png,1,1,1.64698859,400,Grp_002_SED_X001_Y001,SED,6.56,14.656,6560.0,14656.0
400,/Users/dawid/Library/Mobile Documents/com~apple~CloudDocs/Dokumenty/SEM_measurements/Calibration/mag400_SED-BED/SED/Grp_002_SED_X001_Y002.png,1,2,1.645654996,400,Grp_002_SED_X001_Y002,SED,6.56,14.669,6560.0,14669.0
400,/Users/dawid/Library/Mobile Documents/com~apple~CloudDocs/Dokumenty/SEM_measurements/Calibration/mag400_SED-BED/SED/Grp_002_SED_X001_Y003.png,1,3,1.63883884888889,400,Grp_002_SED_X001_Y003,SED,6.56,14.681,6560.0,14681.0
400,/Users/dawid/Library/Mobile Documents/com~apple~CloudDocs/Dokumenty/SEM_measurements/Calibration/mag400_SED-BED/SED/Grp_002_SED_X001_Y004.png,1,4,1.64772947555556,400,Grp_002_SED_X001_Y004,SED,6.56,14.694,6560.0,14694.0
400,/Users/dawid/Library/Mobile Documents/com~apple~CloudDocs/Dokumenty/SEM_measurements/Calibration/mag400_SED-BED/SED/Grp_002_SED_X001_Y005.png,1,5,1.64476593333333,400,Grp_002_SED_X001_Y005,SED,6.56,14.706,6560.0,14706.0
400,/Users/dawid/Library/Mobile Documents/com~apple~CloudDocs/Dokumenty/SEM_measurements/Calibration/mag400_SED-BED/SED/Grp_002_SED_X001_Y006.png,1,6,1.645654996,400,Grp_002_SED_X001_Y006,SED,6.56,14.719,6560.0,14719.0
400,/Users/dawid/Library/Mobile Documents/com~apple~CloudDocs/Dokumenty/SEM_measurements/Calibration/mag400_SED-BED/SED/Grp_002_SED_X001_Y007.png,1,7,1.64624770444444,400,Grp_002_SED_X001_Y007,SED,6.56,14.731,6560.0,14731.0
400,/Users/dawid/Library/Mobile Documents/com~apple~CloudDocs/Dokumenty/SEM_measurements/Calibration/mag400_SED-BED/SED/Grp_002_SED_X001_Y008.png,1,8,1.64328416222222,400,Grp_002_SED_X001_Y008,SED,6.56,14.744,6560.0,14744.0
400,/Users/dawid/Library/Mobile Documents/com~apple~CloudDocs/Dokumenty/SEM_measurements/Calibration/mag400_SED-BED/SED/Grp_002_SED_X001_Y009.png,1,9,1.641654214,400,Grp_002_SED_X001_Y009,SED,6.56,14.756,6560.0,14756.0
400,/Users/dawid/Library/Mobile Documents/com~apple~CloudDocs/Dokumenty/SEM_measurements/Calibration/mag400_SED-BED/SED/Grp_002_SED_X001_Y010.png,1,10,1.64180239111111,400,Grp_002_SED_X001_Y010,SED,6.56,14.769,6560.0,14769.0
400,/Users/dawid/Library/Mobile Documents/com~apple~CloudDocs/Dokumenty/SEM_measurements/Calibration/mag400_SED-BED/SED/Grp_002_SED_X001_Y011.png,1,11,1.64032062,400,Grp_002_SED_X001_Y011,SED,6.561,14.781,6561.0,14781.0
400,/Users/dawid/Library/Mobile Documents/com~apple~CloudDocs/Dokumenty/SEM_measurements/Calibration/mag400_SED-BED/SED/Grp_002_SED_X001_Y012.png,1,12,1.850361675,400,Grp_002_SED_X001_Y012,SED,6.56,14.794,6560.0,14794.0
400,/Users/dawid/Library/Mobile Documents/com~apple~CloudDocs/Dokumenty/SEM_measurements/Calibration/mag400_SED-BED/SED/Grp_002_SED_X001_Y013.png,1,13,1.642987808,400,Grp_002_SED_X001_Y013,SED,6.561,14.806,6561.0,14806.0
400,/Users/dawid/Library/Mobile Documents/com~apple~CloudDocs/Dokumenty/SEM_measurements/Calibration/mag400_SED-BED/SED/Grp_002_SED_X001_Y014.png,1,14,1.64180239111111,400,Grp_002_SED_X001_Y014,SED,6.56,14.819,6560.0,14819.0
400,/Users/dawid/Library/Mobile Documents/com~apple~CloudDocs/Dokumenty/SEM_measurements/Calibration/mag400_SED-BED/SED/Grp_002_SED_X001_Y015.png,1,15,1.64180239111111,400,Grp_002_SED_X001_Y015,SED,6.561,14.832,6561.0,14832.0
400,/Users/dawid/Library/Mobile Documents/com~apple~CloudDocs/Dokumenty/SEM_measurements/Calibration/mag400_SED-BED/SED/Grp_002_SED_X001_Y016.png,1,16,1.84702769,400,Grp_002_SED_X001_Y016,SED,6.56,14.844,6560.0,14844.0
400,/Users/dawid/Library/Mobile Documents/com~apple~CloudDocs/Dokumenty/SEM_measurements/Calibration/mag400_SED-BED/SED/Grp_002_SED_X001_Y017.png,1,17,1.64328416222222,400,Grp_002_SED_X001_Y017,SED,6.56,14.857,6560.0,14857.0
400,/Users/dawid/Library/Mobile Documents/com~apple~CloudDocs/Dokumenty/SEM_measurements/Calibration/mag400_SED-BED/SED/Grp_002_SED_X001_Y018.png,1,18,1.64180239111111,400,Grp_002_SED_X001_Y018,SED,6.56,14.869,6560.0,14869.0
400,/Users/dawid/Library/Mobile Documents/com~apple~CloudDocs/Dokumenty/SEM_measurements/Calibration/mag400_SED-BED/SED/Grp_002_SED_X002_Y000.png,2,0,1.64624770444444,400,Grp_002_SED_X002_Y000,SED,6.543,14.644,6543.0,14644.0
400,/Users/dawid/Library/Mobile Documents/com~apple~CloudDocs/Dokumenty/SEM_measurements/Calibration/mag400_SED-BED/SED/Grp_002_SED_X002_Y001.png,2,1,1.64032062,400,Grp_002_SED_X002_Y001,SED,6.543,14.656,6543.0,14656.0
400,/Users/dawid/Library/Mobile Documents/com~apple~CloudDocs/Dokumenty/SEM_measurements/Calibration/mag400_SED-BED/SED/Grp_002_SED_X002_Y002.png,2,2,1.642987808,400,Grp_002_SED_X002_Y002,SED,6.543,14.669,6543.0,14669.0
400,/Users/dawid/Library/Mobile Documents/com~apple~CloudDocs/Dokumenty/SEM_measurements/Calibration/mag400_SED-BED/SED/Grp_002_SED_X002_Y003.png,2,3,1.64476593333333,400,Grp_002_SED_X002_Y003,SED,6.543,14.681,6543.0,14681.0
400,/Users/dawid/Library/Mobile Documents/com~apple~CloudDocs/Dokumenty/SEM_measurements/Calibration/mag400_SED-BED/SED/Grp_002_SED_X002_Y004.png,2,4,1.64476593333333,400,Grp_002_SED_X002_Y004,SED,6.543,14.694,6543.0,14694.0
400,/Users/dawid/Library/Mobile Documents/com~apple~CloudDocs/Dokumenty/SEM_measurements/Calibration/mag400_SED-BED/SED/Grp_002_SED_X002_Y005.png,2,5,1.84702769,400,Grp_002_SED_X002_Y005,SED,6.543,14.706,6543.0,14706.0
400,/Users/dawid/Library/Mobile Documents/com~apple~CloudDocs/Dokumenty/SEM_measurements/Calibration/mag400_SED-BED/SED/Grp_002_SED_X002_Y006.png,2,6,1.64328416222222,400,Grp_002_SED_X002_Y006,SED,6.543,14.719,6543.0,14719.0
400,/Users/dawid/Library/Mobile Documents/com~apple~CloudDocs/Dokumenty/SEM_measurements/Calibration/mag400_SED-BED/SED/Grp_002_SED_X002_Y007.png,2,7,1.64476593333333,400,Grp_002_SED_X002_Y007,SED,6.544,14.731,6544.0,14731.0
400,/Users/dawid/Library/Mobile Documents/com~apple~CloudDocs/Dokumenty/SEM_measurements/Calibration/mag400_SED-BED/SED/Grp_002_SED_X002_Y008.png,2,8,1.64180239111111,400,Grp_002_SED_X002_Y008,SED,6.543,14.744,6543.0,14744.0
400,/Users/dawid/Library/Mobile Documents/com~apple~CloudDocs/Dokumenty/SEM_measurements/Calibration/mag400_SED-BED/SED/Grp_002_SED_X002_Y009.png,2,9,1.64328416222222,400,Grp_002_SED_X002_Y009,SED,6.544,14.756,6544.0,14756.0
400,/Users/dawid/Library/Mobile Documents/com~apple~CloudDocs/Dokumenty/SEM_measurements/Calibration/mag400_SED-BED/SED/Grp_002_SED_X002_Y010.png,2,10,1.642987808,400,Grp_002_SED_X002_Y010,SED,6.543,14.769,6543.0,14769.0
400,/Users/dawid/Library/Mobile Documents/com~apple~CloudDocs/Dokumenty/SEM_measurements/Calibration/mag400_SED-BED/SED/Grp_002_SED_X002_Y011.png,2,11,1.64624770444444,400,Grp_002_SED_X002_Y011,SED,6.544,14.781,6544.0,14781.0
400,/Users/dawid/Library/Mobile Documents/com~apple~CloudDocs/Dokumenty/SEM_measurements/Calibration/mag400_SED-BED/SED/Grp_002_SED_X002_Y012.png,2,12,1.64921124666667,400,Grp_002_SED_X002_Y012,SED,6.543,14.794,6543.0,14794.0
400,/Users/dawid/Library/Mobile Documents/com~apple~CloudDocs/Dokumenty/SEM_measurements/Calibration/mag400_SED-BED/SED/Grp_002_SED_X002_Y013.png,2,13,1.64624770444444,400,Grp_002_SED_X002_Y013,SED,6.544,14.806,6544.0,14806.0
400,/Users/dawid/Library/Mobile Documents/com~apple~CloudDocs/Dokumenty/SEM_measurements/Calibration/mag400_SED-BED/SED/Grp_002_SED_X002_Y014.png,2,14,1.637653432,400,Grp_002_SED_X002_Y014,SED,6.543,14.819,6543.0,14819.0
400,/Users/dawid/Library/Mobile Documents/com~apple~CloudDocs/Dokumenty/SEM_measurements/Calibration/mag400_SED-BED/SED/Grp_002_SED_X002_Y015.png,2,15,1.64180239111111,400,Grp_002_SED_X002_Y015,SED,6.544,14.832,6544.0,14832.0
400,/Users/dawid/Library/Mobile Documents/com~apple~CloudDocs/Dokumenty/SEM_measurements/Calibration/mag400_SED-BED/SED/Grp_002_SED_X002_Y016.png,2,16,1.64328416222222,400,Grp_002_SED_X002_Y016,SED,6.543,14.844,6543.0,14844.0
400,/Users/dawid/Library/Mobile Documents/com~apple~CloudDocs/Dokumenty/SEM_measurements/Calibration/mag400_SED-BED/SED/Grp_002_SED_X002_Y017.png,2,17,1.642987808,400,Grp_002_SED_X002_Y017,SED,6.544,14.857,6544.0,14857.0
400,/Users/dawid/Library/Mobile Documents/com~apple~CloudDocs/Dokumenty/SEM_measurements/Calibration/mag400_SED-BED/SED/Grp_002_SED_X002_Y018.png,2,18,1.636986635,400,Grp_002_SED_X002_Y018,SED,6.543,14.869,6543.0,14869.0
400,/Users/dawid/Library/Mobile Documents/com~apple~CloudDocs/Dokumenty/SEM_measurements/Calibration/mag400_SED-BED/SED/Grp_002_SED_X003_Y000.png,3,0,1.64180239111111,400,Grp_002_SED_X003_Y000,SED,6.526,14.644,6526.0,14644.0
400,/Users/dawid/Library/Mobile Documents/com~apple~CloudDocs/Dokumenty/SEM_measurements/Calibration/mag400_SED-BED/SED/Grp_002_SED_X003_Y001.png,3,1,1.648322184,400,Grp_002_SED_X003_Y001,SED,6.526,14.656,6526.0,14656.0
400,/Users/dawid/Library/Mobile Documents/com~apple~CloudDocs/Dokumenty/SEM_measurements/Calibration/mag400_SED-BED/SED/Grp_002_SED_X003_Y002.png,3,2,1.64476593333333,400,Grp_002_SED_X003_Y002,SED,6.526,14.669,6526.0,14669.0
400,/Users/dawid/Library/Mobile Documents/com~apple~CloudDocs/Dokumenty/SEM_measurements/Calibration/mag400_SED-BED/SED/Grp_002_SED_X003_Y003.png,3,3,1.64476593333333,400,Grp_002_SED_X003_Y003,SED,6.527,14.681,6527.0,14681.0
400,/Users/dawid/Library/Mobile Documents/com~apple~CloudDocs/Dokumenty/SEM_measurements/Calibration/mag400_SED-BED/SED/Grp_002_SED_X003_Y004.png,3,4,1.64476593333333,400,Grp_002_SED_X003_Y004,SED,6.526,14.694,6526.0,14694.0
400,/Users/dawid/Library/Mobile Documents/com~apple~CloudDocs/Dokumenty/SEM_measurements/Calibration/mag400_SED-BED/SED/Grp_002_SED_X003_Y005.png,3,5,1.64772947555556,400,Grp_002_SED_X003_Y005,SED,6.527,14.706,6527.0,14706.0
400,/Users/dawid/Library/Mobile Documents/com~apple~CloudDocs/Dokumenty/SEM_measurements/Calibration/mag400_SED-BED/SED/Grp_002_SED_X003_Y006.png,3,6,1.64476593333333,400,Grp_002_SED_X003_Y006,SED,6.526,14.719,6526.0,14719.0
400,/Users/dawid/Library/Mobile Documents/com~apple~CloudDocs/Dokumenty/SEM_measurements/Calibration/mag400_SED-BED/SED/Grp_002_SED_X003_Y007.png,3,7,1.64328416222222,400,Grp_002_SED_X003_Y007,SED,6.527,14.731,6527.0,14731.0
400,/Users/dawid/Library/Mobile Documents/com~apple~CloudDocs/Dokumenty/SEM_measurements/Calibration/mag400_SED-BED/SED/Grp_002_SED_X003_Y008.png,3,8,1.64476593333333,400,Grp_002_SED_X003_Y008,SED,6.526,14.744,6526.0,14744.0
400,/Users/dawid/Library/Mobile Documents/com~apple~CloudDocs/Dokumenty/SEM_measurements/Calibration/mag400_SED-BED/SED/Grp_002_SED_X003_Y009.png,3,9,1.64180239111111,400,Grp_002_SED_X003_Y009,SED,6.527,14.756,6527.0,14756.0
400,/Users/dawid/Library/Mobile Documents/com~apple~CloudDocs/Dokumenty/SEM_measurements/Calibration/mag400_SED-BED/SED/Grp_002_SED_X003_Y010.png,3,10,1.644321402,400,Grp_002_SED_X003_Y010,SED,6.526,14.769,6526.0,14769.0
400,/Users/dawid/Library/Mobile Documents/com~apple~CloudDocs/Dokumenty/SEM_measurements/Calibration/mag400_SED-BED/SED/Grp_002_SED_X003_Y011.png,3,11,1.637653432,400,Grp_002_SED_X003_Y011,SED,6.527,14.782,6527.0,14782.0
400,/Users/dawid/Library/Mobile Documents/com~apple~CloudDocs/Dokumenty/SEM_measurements/Calibration/mag400_SED-BED/SED/Grp_002_SED_X003_Y012.png,3,12,1.64032062,400,Grp_002_SED_X003_Y012,SED,6.526,14.794,6526.0,14794.0
400,/Users/dawid/Library/Mobile Documents/com~apple~CloudDocs/Dokumenty/SEM_measurements/Calibration/mag400_SED-BED/SED/Grp_002_SED_X003_Y013.png,3,13,1.64476593333333,400,Grp_002_SED_X003_Y013,SED,6.527,14.807,6527.0,14807.0
400,/Users/dawid/Library/Mobile Documents/com~apple~CloudDocs/Dokumenty/SEM_measurements/Calibration/mag400_SED-BED/SED/Grp_002_SED_X003_Y014.png,3,14,1.64698859,400,Grp_002_SED_X003_Y014,SED,6.526,14.819,6526.0,14819.0
400,/Users/dawid/Library/Mobile Documents/com~apple~CloudDocs/Dokumenty/SEM_measurements/Calibration/mag400_SED-BED/SED/Grp_002_SED_X003_Y015.png,3,15,1.64772947555556,400,Grp_002_SED_X003_Y015,SED,6.527,14.832,6527.0,14832.0
400,/Users/dawid/Library/Mobile Documents/com~apple~CloudDocs/Dokumenty/SEM_measurements/Calibration/mag400_SED-BED/SED/Grp_002_SED_X003_Y016.png,3,16,1.64328416222222,400,Grp_002_SED_X003_Y016,SED,6.526,14.844,6526.0,14844.0
400,/Users/dawid/Library/Mobile Documents/com~apple~CloudDocs/Dokumenty/SEM_measurements/Calibration/mag400_SED-BED/SED/Grp_002_SED_X003_Y017.png,3,17,1.642987808,400,Grp_002_SED_X003_Y017,SED,6.527,14.857,6527.0,14857.0
400,/Users/dawid/Library/Mobile Documents/com~apple~CloudDocs/Dokumenty/SEM_measurements/Calibration/mag400_SED-BED/SED/Grp_002_SED_X003_Y018.png,3,18,1.642987808,400,Grp_002_SED_X003_Y018,SED,6.527,14.869,6527.0,14869.0
400,/Users/dawid/Library/Mobile Documents/com~apple~CloudDocs/Dokumenty/SEM_measurements/Calibration/mag400_SED-BED/SED/Grp_002_SED_X004_Y000.png,4,0,1.65069301777778,400,Grp_002_SED_X004_Y000,SED,6.509,14.644,6509.0,14644.0
400,/Users/dawid/Library/Mobile Documents/com~apple~CloudDocs/Dokumenty/SEM_measurements/Calibration/mag400_SED-BED/SED/Grp_002_SED_X004_Y001.png,4,1,1.64328416222222,400,Grp_002_SED_X004_Y001,SED,6.51,14.656,6510.0,14656.0
400,/Users/dawid/Library/Mobile Documents/com~apple~CloudDocs/Dokumenty/SEM_measurements/Calibration/mag400_SED-BED/SED/Grp_002_SED_X004_Y002.png,4,2,1.64921124666667,400,Grp_002_SED_X004_Y002,SED,6.509,14.669,6509.0,14669.0
400,/Users/dawid/Library/Mobile Documents/com~apple~CloudDocs/Dokumenty/SEM_measurements/Calibration/mag400_SED-BED/SED/Grp_002_SED_X004_Y003.png,4,3,1.644321402,400,Grp_002_SED_X004_Y003,SED,6.51,14.681,6510.0,14681.0
400,/Users/dawid/Library/Mobile Documents/com~apple~CloudDocs/Dokumenty/SEM_measurements/Calibration/mag400_SED-BED/SED/Grp_002_SED_X004_Y004.png,4,4,1.645654996,400,Grp_002_SED_X004_Y004,SED,6.509,14.694,6509.0,14694.0
400,/Users/dawid/Library/Mobile Documents/com~apple~CloudDocs/Dokumenty/SEM_measurements/Calibration/mag400_SED-BED/SED/Grp_002_SED_X004_Y005.png,4,5,1.64624770444444,400,Grp_002_SED_X004_Y005,SED,6.51,14.706,6510.0,14706.0
400,/Users/dawid/Library/Mobile Documents/com~apple~CloudDocs/Dokumenty/SEM_measurements/Calibration/mag400_SED-BED/SED/Grp_002_SED_X004_Y006.png,4,6,1.64772947555556,400,Grp_002_SED_X004_Y006,SED,6.509,14.719,6509.0,14719.0
400,/Users/dawid/Library/Mobile Documents/com~apple~CloudDocs/Dokumenty/SEM_measurements/Calibration/mag400_SED-BED/SED/Grp_002_SED_X004_Y007.png,4,7,1.64328416222222,400,Grp_002_SED_X004_Y007,SED,6.51,14.731,6510.0,14731.0
400,/Users/dawid/Library/Mobile Documents/com~apple~CloudDocs/Dokumenty/SEM_measurements/Calibration/mag400_SED-BED/SED/Grp_002_SED_X004_Y008.png,4,8,1.64624770444444,400,Grp_002_SED_X004_Y008,SED,6.509,14.744,6509.0,14744.0
400,/Users/dawid/Library/Mobile Documents/com~apple~CloudDocs/Dokumenty/SEM_measurements/Calibration/mag400_SED-BED/SED/Grp_002_SED_X004_Y009.png,4,9,1.64328416222222,400,Grp_002_SED_X004_Y009,SED,6.51,14.756,6510.0,14756.0
400,/Users/dawid/Library/Mobile Documents/com~apple~CloudDocs/Dokumenty/SEM_measurements/Calibration/mag400_SED-BED/SED/Grp_002_SED_X004_Y010.png,4,10,1.64624770444444,400,Grp_002_SED_X004_Y010,SED,6.509,14.769,6509.0,14769.0
400,/Users/dawid/Library/Mobile Documents/com~apple~CloudDocs/Dokumenty/SEM_measurements/Calibration/mag400_SED-BED/SED/Grp_002_SED_X004_Y011.png,4,11,1.648322184,400,Grp_002_SED_X004_Y011,SED,6.51,14.782,6510.0,14782.0
400,/Users/dawid/Library/Mobile Documents/com~apple~CloudDocs/Dokumenty/SEM_measurements/Calibration/mag400_SED-BED/SED/Grp_002_SED_X004_Y012.png,4,12,1.64328416222222,400,Grp_002_SED_X004_Y012,SED,6.51,14.794,6510.0,14794.0
400,/Users/dawid/Library/Mobile Documents/com~apple~CloudDocs/Dokumenty/SEM_measurements/Calibration/mag400_SED-BED/SED/Grp_002_SED_X004_Y013.png,4,13,1.64032062,400,Grp_002_SED_X004_Y013,SED,6.51,14.807,6510.0,14807.0
400,/Users/dawid/Library/Mobile Documents/com~apple~CloudDocs/Dokumenty/SEM_measurements/Calibration/mag400_SED-BED/SED/Grp_002_SED_X004_Y014.png,4,14,1.64476593333333,400,Grp_002_SED_X004_Y014,SED,6.51,14.819,6510.0,14819.0
400,/Users/dawid/Library/Mobile Documents/com~apple~CloudDocs/Dokumenty/SEM_measurements/Calibration/mag400_SED-BED/SED/Grp_002_SED_X004_Y015.png,4,15,1.642987808,400,Grp_002_SED_X004_Y015,SED,6.51,14.832,6510.0,14832.0
400,/Users/dawid/Library/Mobile Documents/com~apple~CloudDocs/Dokumenty/SEM_measurements/Calibration/mag400_SED-BED/SED/Grp_002_SED_X004_Y016.png,4,16,1.64624770444444,400,Grp_002_SED_X004_Y016,SED,6.51,14.844,6510.0,14844.0
400,/Users/dawid/Library/Mobile Documents/com~apple~CloudDocs/Dokumenty/SEM_measurements/Calibration/mag400_SED-BED/SED/Grp_002_SED_X004_Y017.png,4,17,1.64921124666667,400,Grp_002_SED_X004_Y017,SED,6.51,14.857,6510.0,14857.0
400,/Users/dawid/Library/Mobile Documents/com~apple~CloudDocs/Dokumenty/SEM_measurements/Calibration/mag400_SED-BED/SED/Grp_002_SED_X004_Y018.png,4,18,1.64698859,400,Grp_002_SED_X004_Y018,SED,6.51,14.869,6510.0,14869.0
400,/Users/dawid/Library/Mobile Documents/com~apple~CloudDocs/Dokumenty/SEM_measurements/Calibration/mag400_SED-BED/SED/Grp_002_SED_X005_Y000.png,5,0,1.64328416222222,400,Grp_002_SED_X005_Y000,SED,6.492,14.644,6492.0,14644.0
400,/Users/dawid/Library/Mobile Documents/com~apple~CloudDocs/Dokumenty/SEM_measurements/Calibration/mag400_SED-BED/SED/Grp_002_SED_X005_Y001.png,5,1,1.64328416222222,400,Grp_002_SED_X005_Y001,SED,6.493,14.656,6493.0,14656.0
400,/Users/dawid/Library/Mobile Documents/com~apple~CloudDocs/Dokumenty/SEM_measurements/Calibration/mag400_SED-BED/SED/Grp_002_SED_X005_Y002.png,5,2,1.64328416222222,400,Grp_002_SED_X005_Y002,SED,6.492,14.669,6492.0,14669.0
400,/Users/dawid/Library/Mobile Documents/com~apple~CloudDocs/Dokumenty/SEM_measurements/Calibration/mag400_SED-BED/SED/Grp_002_SED_X005_Y003.png,5,3,1.649655778,400,Grp_002_SED_X005_Y003,SED,6.493,14.681,6493.0,14681.0
400,/Users/dawid/Library/Mobile Documents/com~apple~CloudDocs/Dokumenty/SEM_measurements/Calibration/mag400_SED-BED/SED/Grp_002_SED_X005_Y004.png,5,4,1.49604999636364,400,Grp_002_SED_X005_Y004,SED,6.492,14.694,6492.0,14694.0
400,/Users/dawid/Library/Mobile Documents/com~apple~CloudDocs/Dokumenty/SEM_measurements/Calibration/mag400_SED-BED/SED/Grp_002_SED_X005_Y005.png,5,5,1.64921124666667,400,Grp_002_SED_X005_Y005,SED,6.493,14.706,6493.0,14706.0
400,/Users/dawid/Library/Mobile Documents/com~apple~CloudDocs/Dokumenty/SEM_measurements/Calibration/mag400_SED-BED/SED/Grp_002_SED_X005_Y006.png,5,6,1.64476593333333,400,Grp_002_SED_X005_Y006,SED,6.492,14.719,6492.0,14719.0
400,/Users/dawid/Library/Mobile Documents/com~apple~CloudDocs/Dokumenty/SEM_measurements/Calibration/mag400_SED-BED/SED/Grp_002_SED_X005_Y007.png,5,7,1.64476593333333,400,Grp_002_SED_X005_Y007,SED,6.493,14.731,6493.0,14731.0
400,/Users/dawid/Library/Mobile Documents/com~apple~CloudDocs/Dokumenty/SEM_measurements/Calibration/mag400_SED-BED/SED/Grp_002_SED_X005_Y008.png,5,8,1.64328416222222,400,Grp_002_SED_X005_Y008,SED,6.492,14.744,6492.0,14744.0
400,/Users/dawid/Library/Mobile Documents/com~apple~CloudDocs/Dokumenty/SEM_measurements/Calibration/mag400_SED-BED/SED/Grp_002_SED_X005_Y009.png,5,9,1.64328416222222,400,Grp_002_SED_X005_Y009,SED,6.493,14.756,6493.0,14756.0
400,/Users/dawid/Library/Mobile Documents/com~apple~CloudDocs/Dokumenty/SEM_measurements/Calibration/mag400_SED-BED/SED/Grp_002_SED_X005_Y010.png,5,10,1.64328416222222,400,Grp_002_SED_X005_Y010,SED,6.493,14.769,6493.0,14769.0
400,/Users/dawid/Library/Mobile Documents/com~apple~CloudDocs/Dokumenty/SEM_measurements/Calibration/mag400_SED-BED/SED/Grp_002_SED_X005_Y011.png,5,11,1.63883884888889,400,Grp_002_SED_X005_Y011,SED,6.493,14.782,6493.0,14782.0
400,/Users/dawid/Library/Mobile Documents/com~apple~CloudDocs/Dokumenty/SEM_measurements/Calibration/mag400_SED-BED/SED/Grp_002_SED_X005_Y012.png,5,12,1.642987808,400,Grp_002_SED_X005_Y012,SED,6.493,14.794,6493.0,14794.0
400,/Users/dawid/Library/Mobile Documents/com~apple~CloudDocs/Dokumenty/SEM_measurements/Calibration/mag400_SED-BED/SED/Grp_002_SED_X005_Y013.png,5,13,1.64921124666667,400,Grp_002_SED_X005_Y013,SED,6.493,14.807,6493.0,14807.0
400,/Users/dawid/Library/Mobile Documents/com~apple~CloudDocs/Dokumenty/SEM_measurements/Calibration/mag400_SED-BED/SED/Grp_002_SED_X005_Y014.png,5,14,1.64476593333333,400,Grp_002_SED_X005_Y014,SED,6.493,14.819,6493.0,14819.0
400,/Users/dawid/Library/Mobile Documents/com~apple~CloudDocs/Dokumenty/SEM_measurements/Calibration/mag400_SED-BED/SED/Grp_002_SED_X005_Y015.png,5,15,1.638987026,400,Grp_002_SED_X005_Y015,SED,6.493,14.832,6493.0,14832.0
400,/Users/dawid/Library/Mobile Documents/com~apple~CloudDocs/Dokumenty/SEM_measurements/Calibration/mag400_SED-BED/SED/Grp_002_SED_X005_Y016.png,5,16,1.64624770444444,400,Grp_002_SED_X005_Y016,SED,6.493,14.844,6493.0,14844.0
400,/Users/dawid/Library/Mobile Documents/com~apple~CloudDocs/Dokumenty/SEM_measurements/Calibration/mag400_SED-BED/SED/Grp_002_SED_X005_Y017.png,5,17,1.64328416222222,400,Grp_002_SED_X005_Y017,SED,6.493,14.857,6493.0,14857.0
400,/Users/dawid/Library/Mobile Documents/com~apple~CloudDocs/Dokumenty/SEM_measurements/Calibration/mag400_SED-BED/SED/Grp_002_SED_X005_Y018.png,5,18,1.644321402,400,Grp_002_SED_X005_Y018,SED,6.493,14.869,6493.0,14869.0
400,/Users/dawid/Library/Mobile Documents/com~apple~CloudDocs/Dokumenty/SEM_measurements/Calibration/mag400_SED-BED/SED/Grp_002_SED_X006_Y000.png,6,0,1.645654996,400,Grp_002_SED_X006_Y000,SED,6.475,14.644,6475.0,14644.0
400,/Users/dawid/Library/Mobile Documents/com~apple~CloudDocs/Dokumenty/SEM_measurements/Calibration/mag400_SED-BED/SED/Grp_002_SED_X006_Y001.png,6,1,1.478955746,400,Grp_002_SED_X006_Y001,SED,6.476,14.656,6476.0,14656.0
400,/Users/dawid/Library/Mobile Documents/com~apple~CloudDocs/Dokumenty/SEM_measurements/Calibration/mag400_SED-BED/SED/Grp_002_SED_X006_Y002.png,6,2,1.49968707090909,400,Grp_002_SED_X006_Y002,SED,6.475,14.669,6475.0,14669.0
400,/Users/dawid/Library/Mobile Documents/com~apple~CloudDocs/Dokumenty/SEM_measurements/Calibration/mag400_SED-BED/SED/Grp_002_SED_X006_Y003.png,6,3,1.641654214,400,Grp_002_SED_X006_Y003,SED,6.476,14.681,6476.0,14681.0
400,/Users/dawid/Library/Mobile Documents/com~apple~CloudDocs/Dokumenty/SEM_measurements/Calibration/mag400_SED-BED/SED/Grp_002_SED_X006_Y004.png,6,4,1.63883884888889,400,Grp_002_SED_X006_Y004,SED,6.475,14.694,6475.0,14694.0
400,/Users/dawid/Library/Mobile Documents/com~apple~CloudDocs/Dokumenty/SEM_measurements/Calibration/mag400_SED-BED/SED/Grp_002_SED_X006_Y005.png,6,5,1.64328416222222,400,Grp_002_SED_X006_Y005,SED,6.476,14.706,6476.0,14706.0
400,/Users/dawid/Library/Mobile Documents/com~apple~CloudDocs/Dokumenty/SEM_measurements/Calibration/mag400_SED-BED/SED/Grp_002_SED_X006_Y006.png,6,6,1.64624770444444,400,Grp_002_SED_X006_Y006,SED,6.476,14.719,6476.0,14719.0
400,/Users/dawid/Library/Mobile Documents/com~apple~CloudDocs/Dokumenty/SEM_measurements/Calibration/mag400_SED-BED/SED/Grp_002_SED_X006_Y007.png,6,7,1.644321402,400,Grp_002_SED_X006_Y007,SED,6.476,14.731,6476.0,14731.0
400,/Users/dawid/Library/Mobile Documents/com~apple~CloudDocs/Dokumenty/SEM_measurements/Calibration/mag400_SED-BED/SED/Grp_002_SED_X006_Y008.png,6,8,1.64328416222222,400,Grp_002_SED_X006_Y008,SED,6.476,14.744,6476.0,14744.0
400,/Users/dawid/Library/Mobile Documents/com~apple~CloudDocs/Dokumenty/SEM_measurements/Calibration/mag400_SED-BED/SED/Grp_002_SED_X006_Y009.png,6,9,1.64328416222222,400,Grp_002_SED_X006_Y009,SED,6.476,14.756,6476.0,14756.0
400,/Users/dawid/Library/Mobile Documents/com~apple~CloudDocs/Dokumenty/SEM_measurements/Calibration/mag400_SED-BED/SED/Grp_002_SED_X006_Y010.png,6,10,1.64328416222222,400,Grp_002_SED_X006_Y010,SED,6.476,14.769,6476.0,14769.0
400,/Users/dawid/Library/Mobile Documents/com~apple~CloudDocs/Dokumenty/SEM_measurements/Calibration/mag400_SED-BED/SED/Grp_002_SED_X006_Y011.png,6,11,1.63735707777778,400,Grp_002_SED_X006_Y011,SED,6.476,14.782,6476.0,14782.0
400,/Users/dawid/Library/Mobile Documents/com~apple~CloudDocs/Dokumenty/SEM_measurements/Calibration/mag400_SED-BED/SED/Grp_002_SED_X006_Y012.png,6,12,1.64698859,400,Grp_002_SED_X006_Y012,SED,6.476,14.794,6476.0,14794.0
400,/Users/dawid/Library/Mobile Documents/com~apple~CloudDocs/Dokumenty/SEM_measurements/Calibration/mag400_SED-BED/SED/Grp_002_SED_X006_Y013.png,6,13,1.64180239111111,400,Grp_002_SED_X006_Y013,SED,6.476,14.807,6476.0,14807.0
400,/Users/dawid/Library/Mobile Documents/com~apple~CloudDocs/Dokumenty/SEM_measurements/Calibration/mag400_SED-BED/SED/Grp_002_SED_X006_Y014.png,6,14,1.64328416222222,400,Grp_002_SED_X006_Y014,SED,6.476,14.819,6476.0,14819.0
400,/Users/dawid/Library/Mobile Documents/com~apple~CloudDocs/Dokumenty/SEM_measurements/Calibration/mag400_SED-BED/SED/Grp_002_SED_X006_Y015.png,6,15,1.64180239111111,400,Grp_002_SED_X006_Y015,SED,6.476,14.832,6476.0,14832.0
400,/Users/dawid/Library/Mobile Documents/com~apple~CloudDocs/Dokumenty/SEM_measurements/Calibration/mag400_SED-BED/SED/Grp_002_SED_X006_Y016.png,6,16,1.64698859,400,Grp_002_SED_X006_Y016,SED,6.476,14.844,6476.0,14844.0
400,/Users/dawid/Library/Mobile Documents/com~apple~CloudDocs/Dokumenty/SEM_measurements/Calibration/mag400_SED-BED/SED/Grp_002_SED_X006_Y017.png,6,17,1.64328416222222,400,Grp_002_SED_X006_Y017,SED,6.476,14.857,6476.0,14857.0
400,/Users/dawid/Library/Mobile Documents/com~apple~CloudDocs/Dokumenty/SEM_measurements/Calibration/mag400_SED-BED/SED/Grp_002_SED_X006_Y018.png,6,18,1.64921124666667,400,Grp_002_SED_X006_Y018,SED,6.476,14.869,6476.0,14869.0
400,/Users/dawid/Library/Mobile Documents/com~apple~CloudDocs/Dokumenty/SEM_measurements/Calibration/mag400_SED-BED/SED/Grp_002_SED_X007_Y000.png,7,0,1.64328416222222,400,Grp_002_SED_X007_Y000,SED,6.458,14.644,6458.0,14644.0
400,/Users/dawid/Library/Mobile Documents/com~apple~CloudDocs/Dokumenty/SEM_measurements/Calibration/mag400_SED-BED/SED/Grp_002_SED_X007_Y001.png,7,1,1.64624770444444,400,Grp_002_SED_X007_Y001,SED,6.459,14.656,6459.0,14656.0
400,/Users/dawid/Library/Mobile Documents/com~apple~CloudDocs/Dokumenty/SEM_measurements/Calibration/mag400_SED-BED/SED/Grp_002_SED_X007_Y002.png,7,2,1.645654996,400,Grp_002_SED_X007_Y002,SED,6.459,14.669,6459.0,14669.0
400,/Users/dawid/Library/Mobile Documents/com~apple~CloudDocs/Dokumenty/SEM_measurements/Calibration/mag400_SED-BED/SED/Grp_002_SED_X007_Y003.png,7,3,1.64328416222222,400,Grp_002_SED_X007_Y003,SED,6.459,14.681,6459.0,14681.0
400,/Users/dawid/Library/Mobile Documents/com~apple~CloudDocs/Dokumenty/SEM_measurements/Calibration/mag400_SED-BED/SED/Grp_002_SED_X007_Y004.png,7,4,1.64328416222222,400,Grp_002_SED_X007_Y004,SED,6.459,14.694,6459.0,14694.0
400,/Users/dawid/Library/Mobile Documents/com~apple~CloudDocs/Dokumenty/SEM_measurements/Calibration/mag400_SED-BED/SED/Grp_002_SED_X007_Y005.png,7,5,1.645654996,400,Grp_002_SED_X007_Y005,SED,6.459,14.706,6459.0,14706.0
400,/Users/dawid/Library/Mobile Documents/com~apple~CloudDocs/Dokumenty/SEM_measurements/Calibration/mag400_SED-BED/SED/Grp_002_SED_X007_Y006.png,7,6,1.82702378,400,Grp_002_SED_X007_Y006,SED,6.459,14.719,6459.0,14719.0
400,/Users/dawid/Library/Mobile Documents/com~apple~CloudDocs/Dokumenty/SEM_measurements/Calibration/mag400_SED-BED/SED/Grp_002_SED_X007_Y007.png,7,7,1.64328416222222,400,Grp_002_SED_X007_Y007,SED,6.459,14.731,6459.0,14731.0
400,/Users/dawid/Library/Mobile Documents/com~apple~CloudDocs/Dokumenty/SEM_measurements/Calibration/mag400_SED-BED/SED/Grp_002_SED_X007_Y008.png,7,8,1.64698859,400,Grp_002_SED_X007_Y008,SED,6.459,14.744,6459.0,14744.0
400,/Users/dawid/Library/Mobile Documents/com~apple~CloudDocs/Dokumenty/SEM_measurements/Calibration/mag400_SED-BED/SED/Grp_002_SED_X007_Y009.png,7,9,1.641654214,400,Grp_002_SED_X007_Y009,SED,6.459,14.756,6459.0,14756.0
400,/Users/dawid/Library/Mobile Documents/com~apple~CloudDocs/Dokumenty/SEM_measurements/Calibration/mag400_SED-BED/SED/Grp_002_SED_X007_Y010.png,7,10,1.64772947555556,400,Grp_002_SED_X007_Y010,SED,6.459,14.769,6459.0,14769.0
400,/Users/dawid/Library/Mobile Documents/com~apple~CloudDocs/Dokumenty/SEM_measurements/Calibration/mag400_SED-BED/SED/Grp_002_SED_X007_Y011.png,7,11,1.64328416222222,400,Grp_002_SED_X007_Y011,SED,6.459,14.782,6459.0,14782.0
400,/Users/dawid/Library/Mobile Documents/com~apple~CloudDocs/Dokumenty/SEM_measurements/Calibration/mag400_SED-BED/SED/Grp_002_SED_X007_Y012.png,7,12,1.64180239111111,400,Grp_002_SED_X007_Y012,SED,6.459,14.794,6459.0,14794.0
400,/Users/dawid/Library/Mobile Documents/com~apple~CloudDocs/Dokumenty/SEM_measurements/Calibration/mag400_SED-BED/SED/Grp_002_SED_X007_Y013.png,7,13,1.644321402,400,Grp_002_SED_X007_Y013,SED,6.459,14.807,6459.0,14807.0
400,/Users/dawid/Library/Mobile Documents/com~apple~CloudDocs/Dokumenty/SEM_measurements/Calibration/mag400_SED-BED/SED/Grp_002_SED_X007_Y014.png,7,14,1.850361675,400,Grp_002_SED_X007_Y014,SED,6.459,14.819,6459.0,14819.0
400,/Users/dawid/Library/Mobile Documents/com~apple~CloudDocs/Dokumenty/SEM_measurements/Calibration/mag400_SED-BED/SED/Grp_002_SED_X007_Y015.png,7,15,1.64476593333333,400,Grp_002_SED_X007_Y015,SED,6.46,14.832,6460.0,14832.0
400,/Users/dawid/Library/Mobile Documents/com~apple~CloudDocs/Dokumenty/SEM_measurements/Calibration/mag400_SED-BED/SED/Grp_002_SED_X007_Y016.png,7,16,1.64032062,400,Grp_002_SED_X007_Y016,SED,6.459,14.844,6459.0,14844.0
400,/Users/dawid/Library/Mobile Documents/com~apple~CloudDocs/Dokumenty/SEM_measurements/Calibration/mag400_SED-BED/SED/Grp_002_SED_X007_Y017.png,7,17,1.64624770444444,400,Grp_002_SED_X007_Y017,SED,6.46,14.857,6460.0,14857.0
400,/Users/dawid/Library/Mobile Documents/com~apple~CloudDocs/Dokumenty/SEM_measurements/Calibration/mag400_SED-BED/SED/Grp_002_SED_X007_Y018.png,7,18,1.64032062,400,Grp_002_SED_X007_Y018,SED,6.459,14.869,6459.0,14869.0
400,/Users/dawid/Library/Mobile Documents/com~apple~CloudDocs/Dokumenty/SEM_measurements/Calibration/mag400_SED-BED/SED/Grp_002_SED_X008_Y000.png,8,0,1.64328416222222,400,Grp_002_SED_X008_Y000,SED,6.442,14.644,6442.0,14644.0
400,/Users/dawid/Library/Mobile Documents/com~apple~CloudDocs/Dokumenty/SEM_measurements/Calibration/mag400_SED-BED/SED/Grp_002_SED_X008_Y001.png,8,1,1.64921124666667,400,Grp_002_SED_X008_Y001,SED,6.442,14.656,6442.0,14656.0
400,/Users/dawid/Library/Mobile Documents/com~apple~CloudDocs/Dokumenty/SEM_measurements/Calibration/mag400_SED-BED/SED/Grp_002_SED_X008_Y002.png,8,2,1.65069301777778,400,Grp_002_SED_X008_Y002,SED,6.442,14.669,6442.0,14669.0
400,/Users/dawid/Library/Mobile Documents/com~apple~CloudDocs/Dokumenty/SEM_measurements/Calibration/mag400_SED-BED/SED/Grp_002_SED_X008_Y003.png,8,3,1.64624770444444,400,Grp_002_SED_X008_Y003,SED,6.442,14.681,6442.0,14681.0
400,/Users/dawid/Library/Mobile Documents/com~apple~CloudDocs/Dokumenty/SEM_measurements/Calibration/mag400_SED-BED/SED/Grp_002_SED_X008_Y004.png,8,4,1.64476593333333,400,Grp_002_SED_X008_Y004,SED,6.442,14.694,6442.0,14694.0
400,/Users/dawid/Library/Mobile Documents/com~apple~CloudDocs/Dokumenty/SEM_measurements/Calibration/mag400_SED-BED/SED/Grp_002_SED_X008_Y005.png,8,5,1.645654996,400,Grp_002_SED_X008_Y005,SED,6.442,14.706,6442.0,14706.0
400,/Users/dawid/Library/Mobile Documents/com~apple~CloudDocs/Dokumenty/SEM_measurements/Calibration/mag400_SED-BED/SED/Grp_002_SED_X008_Y006.png,8,6,1.64328416222222,400,Grp_002_SED_X008_Y006,SED,6.442,14.719,6442.0,14719.0
400,/Users/dawid/Library/Mobile Documents/com~apple~CloudDocs/Dokumenty/SEM_measurements/Calibration/mag400_SED-BED/SED/Grp_002_SED_X008_Y007.png,8,7,1.64180239111111,400,Grp_002_SED_X008_Y007,SED,6.442,14.731,6442.0,14731.0
400,/Users/dawid/Library/Mobile Documents/com~apple~CloudDocs/Dokumenty/SEM_measurements/Calibration/mag400_SED-BED/SED/Grp_002_SED_X008_Y008.png,8,8,1.638987026,400,Grp_002_SED_X008_Y008,SED,6.442,14.744,6442.0,14744.0
400,/Users/dawid/Library/Mobile Documents/com~apple~CloudDocs/Dokumenty/SEM_measurements/Calibration/mag400_SED-BED/SED/Grp_002_SED_X008_Y009.png,8,9,1.644321402,400,Grp_002_SED_X008_Y009,SED,6.442,14.756,6442.0,14756.0
400,/Users/dawid/Library/Mobile Documents/com~apple~CloudDocs/Dokumenty/SEM_measurements/Calibration/mag400_SED-BED/SED/Grp_002_SED_X008_Y010.png,8,10,1.64032062,400,Grp_002_SED_X008_Y010,SED,6.442,14.769,6442.0,14769.0
400,/Users/dawid/Library/Mobile Documents/com~apple~CloudDocs/Dokumenty/SEM_measurements/Calibration/mag400_SED-BED/SED/Grp_002_SED_X008_Y011.png,8,11,1.457618242,400,Grp_002_SED_X008_Y011,SED,6.442,14.782,6442.0,14782.0
400,/Users/dawid/Library/Mobile Documents/com~apple~CloudDocs/Dokumenty/SEM_measurements/Calibration/mag400_SED-BED/SED/Grp_002_SED_X008_Y012.png,8,12,1.64624770444444,400,Grp_002_SED_X008_Y012,SED,6.442,14.794,6442.0,14794.0
400,/Users/dawid/Library/Mobile Documents/com~apple~CloudDocs/Dokumenty/SEM_measurements/Calibration/mag400_SED-BED/SED/Grp_002_SED_X008_Y013.png,8,13,1.645654996,400,Grp_002_SED_X008_Y013,SED,6.443,14.807,6443.0,14807.0
400,/Users/dawid/Library/Mobile Documents/com~apple~CloudDocs/Dokumenty/SEM_measurements/Calibration/mag400_SED-BED/SED/Grp_002_SED_X008_Y014.png,8,14,1.64476593333333,400,Grp_002_SED_X008_Y014,SED,6.442,14.819,6442.0,14819.0
400,/Users/dawid/Library/Mobile Documents/com~apple~CloudDocs/Dokumenty/SEM_measurements/Calibration/mag400_SED-BED/SED/Grp_002_SED_X008_Y015.png,8,15,1.64180239111111,400,Grp_002_SED_X008_Y015,SED,6.443,14.832,6443.0,14832.0
400,/Users/dawid/Library/Mobile Documents/com~apple~CloudDocs/Dokumenty/SEM_measurements/Calibration/mag400_SED-BED/SED/Grp_002_SED_X008_Y016.png,8,16,1.64772947555556,400,Grp_002_SED_X008_Y016,SED,6.442,14.844,6442.0,14844.0
400,/Users/dawid/Library/Mobile Documents/com~apple~CloudDocs/Dokumenty/SEM_measurements/Calibration/mag400_SED-BED/SED/Grp_002_SED_X008_Y017.png,8,17,1.64180239111111,400,Grp_002_SED_X008_Y017,SED,6.443,14.857,6443.0,14857.0
400,/Users/dawid/Library/Mobile Documents/com~apple~CloudDocs/Dokumenty/SEM_measurements/Calibration/mag400_SED-BED/SED/Grp_002_SED_X008_Y018.png,8,18,1.64328416222222,400,Grp_002_SED_X008_Y018,SED,6.442,14.869,6442.0,14869.0
400,/Users/dawid/Library/Mobile Documents/com~apple~CloudDocs/Dokumenty/SEM_measurements/Calibration/mag400_SED-BED/SED/Grp_002_SED_X009_Y000.png,9,0,1.64476593333333,400,Grp_002_SED_X009_Y000,SED,6.425,14.644,6425.0,14644.0
400,/Users/dawid/Library/Mobile Documents/com~apple~CloudDocs/Dokumenty/SEM_measurements/Calibration/mag400_SED-BED/SED/Grp_002_SED_X009_Y001.png,9,1,1.64624770444444,400,Grp_002_SED_X009_Y001,SED,6.425,14.656,6425.0,14656.0
400,/Users/dawid/Library/Mobile Documents/com~apple~CloudDocs/Dokumenty/SEM_measurements/Calibration/mag400_SED-BED/SED/Grp_002_SED_X009_Y002.png,9,2,1.64328416222222,400,Grp_002_SED_X009_Y002,SED,6.425,14.669,6425.0,14669.0
400,/Users/dawid/Library/Mobile Documents/com~apple~CloudDocs/Dokumenty/SEM_measurements/Calibration/mag400_SED-BED/SED/Grp_002_SED_X009_Y003.png,9,3,1.64772947555556,400,Grp_002_SED_X009_Y003,SED,6.425,14.681,6425.0,14681.0
400,/Users/dawid/Library/Mobile Documents/com~apple~CloudDocs/Dokumenty/SEM_measurements/Calibration/mag400_SED-BED/SED/Grp_002_SED_X009_Y004.png,9,4,1.64772947555556,400,Grp_002_SED_X009_Y004,SED,6.425,14.694,6425.0,14694.0
400,/Users/dawid/Library/Mobile Documents/com~apple~CloudDocs/Dokumenty/SEM_measurements/Calibration/mag400_SED-BED/SED/Grp_002_SED_X009_Y005.png,9,5,1.64921124666667,400,Grp_002_SED_X009_Y005,SED,6.425,14.706,6425.0,14706.0
400,/Users/dawid/Library/Mobile Documents/com~apple~CloudDocs/Dokumenty/SEM_measurements/Calibration/mag400_SED-BED/SED/Grp_002_SED_X009_Y006.png,9,6,1.64328416222222,400,Grp_002_SED_X009_Y006,SED,6.425,14.719,6425.0,14719.0
400,/Users/dawid/Library/Mobile Documents/com~apple~CloudDocs/Dokumenty/SEM_measurements/Calibration/mag400_SED-BED/SED/Grp_002_SED_X009_Y007.png,9,7,1.63735707777778,400,Grp_002_SED_X009_Y007,SED,6.425,14.731,6425.0,14731.0
400,/Users/dawid/Library/Mobile Documents/com~apple~CloudDocs/Dokumenty/SEM_measurements/Calibration/mag400_SED-BED/SED/Grp_002_SED_X009_Y008.png,9,8,1.64328416222222,400,Grp_002_SED_X009_Y008,SED,6.425,14.744,6425.0,14744.0
400,/Users/dawid/Library/Mobile Documents/com~apple~CloudDocs/Dokumenty/SEM_measurements/Calibration/mag400_SED-BED/SED/Grp_002_SED_X009_Y009.png,9,9,1.63883884888889,400,Grp_002_SED_X009_Y009,SED,6.426,14.756,6426.0,14756.0
400,/Users/dawid/Library/Mobile Documents/com~apple~CloudDocs/Dokumenty/SEM_measurements/Calibration/mag400_SED-BED/SED/Grp_002_SED_X009_Y010.png,9,10,1.82406023777778,400,Grp_002_SED_X009_Y010,SED,6.425,14.769,6425.0,14769.0
400,/Users/dawid/Library/Mobile Documents/com~apple~CloudDocs/Dokumenty/SEM_measurements/Calibration/mag400_SED-BED/SED/Grp_002_SED_X009_Y011.png,9,11,1.64032062,400,Grp_002_SED_X009_Y011,SED,6.426,14.782,6426.0,14782.0
400,/Users/dawid/Library/Mobile Documents/com~apple~CloudDocs/Dokumenty/SEM_measurements/Calibration/mag400_SED-BED/SED/Grp_002_SED_X009_Y012.png,9,12,1.64476593333333,400,Grp_002_SED_X009_Y012,SED,6.425,14.794,6425.0,14794.0
400,/Users/dawid/Library/Mobile Documents/com~apple~CloudDocs/Dokumenty/SEM_measurements/Calibration/mag400_SED-BED/SED/Grp_002_SED_X009_Y013.png,9,13,1.64624770444444,400,Grp_002_SED_X009_Y013,SED,6.426,14.807,6426.0,14807.0
400,/Users/dawid/Library/Mobile Documents/com~apple~CloudDocs/Dokumenty/SEM_measurements/Calibration/mag400_SED-BED/SED/Grp_002_SED_X009_Y014.png,9,14,1.64032062,400,Grp_002_SED_X009_Y014,SED,6.425,14.819,6425.0,14819.0
400,/Users/dawid/Library/Mobile Documents/com~apple~CloudDocs/Dokumenty/SEM_measurements/Calibration/mag400_SED-BED/SED/Grp_002_SED_X009_Y015.png,9,15,1.64921124666667,400,Grp_002_SED_X009_Y015,SED,6.426,14.832,6426.0,14832.0
400,/Users/dawid/Library/Mobile Documents/com~apple~CloudDocs/Dokumenty/SEM_measurements/Calibration/mag400_SED-BED/SED/Grp_002_SED_X009_Y016.png,9,16,1.64328416222222,400,Grp_002_SED_X009_Y016,SED,6.425,14.844,6425.0,14844.0
400,/Users/dawid/Library/Mobile Documents/com~apple~CloudDocs/Dokumenty/SEM_measurements/Calibration/mag400_SED-BED/SED/Grp_002_SED_X009_Y017.png,9,17,1.638987026,400,Grp_002_SED_X009_Y017,SED,6.426,14.857,6426.0,14857.0
400,/Users/dawid/Library/Mobile Documents/com~apple~CloudDocs/Dokumenty/SEM_measurements/Calibration/mag400_SED-BED/SED/Grp_002_SED_X009_Y018.png,9,18,1.64180239111111,400,Grp_002_SED_X009_Y018,SED,6.425,14.869,6425.0,14869.0
400,/Users/dawid/Library/Mobile Documents/com~apple~CloudDocs/Dokumenty/SEM_measurements/Calibration/mag400_SED-BED/SED/Grp_002_SED_X010_Y000.png,10,0,1.64921124666667,400,Grp_002_SED_X010_Y000,SED,6.408,14.644,6408.0,14644.0
400,/Users/dawid/Library/Mobile Documents/com~apple~CloudDocs/Dokumenty/SEM_measurements/Calibration/mag400_SED-BED/SED/Grp_002_SED_X010_Y001.png,10,1,1.64772947555556,400,Grp_002_SED_X010_Y001,SED,6.408,14.656,6408.0,14656.0
400,/Users/dawid/Library/Mobile Documents/com~apple~CloudDocs/Dokumenty/SEM_measurements/Calibration/mag400_SED-BED/SED/Grp_002_SED_X010_Y002.png,10,2,1.48028934,400,Grp_002_SED_X010_Y002,SED,6.408,14.669,6408.0,14669.0
400,/Users/dawid/Library/Mobile Documents/com~apple~CloudDocs/Dokumenty/SEM_measurements/Calibration/mag400_SED-BED/SED/Grp_002_SED_X010_Y003.png,10,3,1.64476593333333,400,Grp_002_SED_X010_Y003,SED,6.408,14.681,6408.0,14681.0
400,/Users/dawid/Library/Mobile Documents/com~apple~CloudDocs/Dokumenty/SEM_measurements/Calibration/mag400_SED-BED/SED/Grp_002_SED_X010_Y004.png,10,4,1.644321402,400,Grp_002_SED_X010_Y004,SED,6.408,14.694,6408.0,14694.0
400,/Users/dawid/Library/Mobile Documents/com~apple~CloudDocs/Dokumenty/SEM_measurements/Calibration/mag400_SED-BED/SED/Grp_002_SED_X010_Y005.png,10,5,1.63439353555556,400,Grp_002_SED_X010_Y005,SED,6.408,14.706,6408.0,14706.0
400,/Users/dawid/Library/Mobile Documents/com~apple~CloudDocs/Dokumenty/SEM_measurements/Calibration/mag400_SED-BED/SED/Grp_002_SED_X010_Y006.png,10,6,1.6419876125,400,Grp_002_SED_X010_Y006,SED,6.408,14.719,6408.0,14719.0
400,/Users/dawid/Library/Mobile Documents/com~apple~CloudDocs/Dokumenty/SEM_measurements/Calibration/mag400_SED-BED/SED/Grp_002_SED_X010_Y007.png,10,7,1.64624770444444,400,Grp_002_SED_X010_Y007,SED,6.409,14.731,6409.0,14731.0
400,/Users/dawid/Library/Mobile Documents/com~apple~CloudDocs/Dokumenty/SEM_measurements/Calibration/mag400_SED-BED/SED/Grp_002_SED_X010_Y008.png,10,8,1.64328416222222,400,Grp_002_SED_X010_Y008,SED,6.408,14.744,6408.0,14744.0
400,/Users/dawid/Library/Mobile Documents/com~apple~CloudDocs/Dokumenty/SEM_measurements/Calibration/mag400_SED-BED/SED/Grp_002_SED_X010_Y009.png,10,9,1.64772947555556,400,Grp_002_SED_X010_Y009,SED,6.409,14.757,6409.0,14757.0
400,/Users/dawid/Library/Mobile Documents/com~apple~CloudDocs/Dokumenty/SEM_measurements/Calibration/mag400_SED-BED/SED/Grp_002_SED_X010_Y010.png,10,10,1.644321402,400,Grp_002_SED_X010_Y010,SED,6.408,14.769,6408.0,14769.0
400,/Users/dawid/Library/Mobile Documents/com~apple~CloudDocs/Dokumenty/SEM_measurements/Calibration/mag400_SED-BED/SED/Grp_002_SED_X010_Y011.png,10,11,1.64180239111111,400,Grp_002_SED_X010_Y011,SED,6.409,14.782,6409.0,14782.0
400,/Users/dawid/Library/Mobile Documents/com~apple~CloudDocs/Dokumenty/SEM_measurements/Calibration/mag400_SED-BED/SED/Grp_002_SED_X010_Y012.png,10,12,1.64180239111111,400,Grp_002_SED_X010_Y012,SED,6.408,14.794,6408.0,14794.0
400,/Users/dawid/Library/Mobile Documents/com~apple~CloudDocs/Dokumenty/SEM_measurements/Calibration/mag400_SED-BED/SED/Grp_002_SED_X010_Y013.png,10,13,1.64476593333333,400,Grp_002_SED_X010_Y013,SED,6.409,14.807,6409.0,14807.0
400,/Users/dawid/Library/Mobile Documents/com~apple~CloudDocs/Dokumenty/SEM_measurements/Calibration/mag400_SED-BED/SED/Grp_002_SED_X010_Y014.png,10,14,1.82554200888889,400,Grp_002_SED_X010_Y014,SED,6.408,14.819,6408.0,14819.0
400,/Users/dawid/Library/Mobile Documents/com~apple~CloudDocs/Dokumenty/SEM_measurements/Calibration/mag400_SED-BED/SED/Grp_002_SED_X010_Y015.png,10,15,1.64476593333333,400,Grp_002_SED_X010_Y015,SED,6.409,14.832,6409.0,14832.0
400,/Users/dawid/Library/Mobile Documents/com~apple~CloudDocs/Dokumenty/SEM_measurements/Calibration/mag400_SED-BED/SED/Grp_002_SED_X010_Y016.png,10,16,1.64476593333333,400,Grp_002_SED_X010_Y016,SED,6.408,14.844,6408.0,14844.0
400,/Users/dawid/Library/Mobile Documents/com~apple~CloudDocs/Dokumenty/SEM_measurements/Calibration/mag400_SED-BED/SED/Grp_002_SED_X010_Y017.png,10,17,1.64328416222222,400,Grp_002_SED_X010_Y017,SED,6.409,14.857,6409.0,14857.0
400,/Users/dawid/Library/Mobile Documents/com~apple~CloudDocs/Dokumenty/SEM_measurements/Calibration/mag400_SED-BED/SED/Grp_002_SED_X010_Y018.png,10,18,1.64476593333333,400,Grp_002_SED_X010_Y018,SED,6.408,14.869,6408.0,14869.0
400,/Users/dawid/Library/Mobile Documents/com~apple~CloudDocs/Dokumenty/SEM_measurements/Calibration/mag400_SED-BED/SED/Grp_002_SED_X011_Y000.png,11,0,1.64624770444444,400,Grp_002_SED_X011_Y000,SED,6.391,14.644,6391.0,14644.0
400,/Users/dawid/Library/Mobile Documents/com~apple~CloudDocs/Dokumenty/SEM_measurements/Calibration/mag400_SED-BED/SED/Grp_002_SED_X011_Y001.png,11,1,1.84702769,400,Grp_002_SED_X011_Y001,SED,6.391,14.656,6391.0,14656.0
400,/Users/dawid/Library/Mobile Documents/com~apple~CloudDocs/Dokumenty/SEM_measurements/Calibration/mag400_SED-BED/SED/Grp_002_SED_X011_Y002.png,11,2,1.64180239111111,400,Grp_002_SED_X011_Y002,SED,6.391,14.669,6391.0,14669.0
400,/Users/dawid/Library/Mobile Documents/com~apple~CloudDocs/Dokumenty/SEM_measurements/Calibration/mag400_SED-BED/SED/Grp_002_SED_X011_Y003.png,11,3,1.64921124666667,400,Grp_002_SED_X011_Y003,SED,6.392,14.681,6392.0,14681.0
400,/Users/dawid/Library/Mobile Documents/com~apple~CloudDocs/Dokumenty/SEM_measurements/Calibration/mag400_SED-BED/SED/Grp_002_SED_X011_Y004.png,11,4,1.64921124666667,400,Grp_002_SED_X011_Y004,SED,6.391,14.694,6391.0,14694.0
400,/Users/dawid/Library/Mobile Documents/com~apple~CloudDocs/Dokumenty/SEM_measurements/Calibration/mag400_SED-BED/SED/Grp_002_SED_X011_Y005.png,11,5,1.64180239111111,400,Grp_002_SED_X011_Y005,SED,6.392,14.707,6392.0,14707.0
400,/Users/dawid/Library/Mobile Documents/com~apple~CloudDocs/Dokumenty/SEM_measurements/Calibration/mag400_SED-BED/SED/Grp_002_SED_X011_Y006.png,11,6,1.65069301777778,400,Grp_002_SED_X011_Y006,SED,6.391,14.719,6391.0,14719.0
400,/Users/dawid/Library/Mobile Documents/com~apple~CloudDocs/Dokumenty/SEM_measurements/Calibration/mag400_SED-BED/SED/Grp_002_SED_X011_Y007.png,11,7,1.64180239111111,400,Grp_002_SED_X011_Y007,SED,6.392,14.732,6392.0,14732.0
400,/Users/dawid/Library/Mobile Documents/com~apple~CloudDocs/Dokumenty/SEM_measurements/Calibration/mag400_SED-BED/SED/Grp_002_SED_X011_Y008.png,11,8,1.64624770444444,400,Grp_002_SED_X011_Y008,SED,6.391,14.744,6391.0,14744.0
400,/Users/dawid/Library/Mobile Documents/com~apple~CloudDocs/Dokumenty/SEM_measurements/Calibration/mag400_SED-BED/SED/Grp_002_SED_X011_Y009.png,11,9,1.64180239111111,400,Grp_002_SED_X011_Y009,SED,6.392,14.757,6392.0,14757.0
400,/Users/dawid/Library/Mobile Documents/com~apple~CloudDocs/Dokumenty/SEM_measurements/Calibration/mag400_SED-BED/SED/Grp_002_SED_X011_Y010.png,11,10,1.63735707777778,400,Grp_002_SED_X011_Y010,SED,6.391,14.769,6391.0,14769.0
400,/Users/dawid/Library/Mobile Documents/com~apple~CloudDocs/Dokumenty/SEM_measurements/Calibration/mag400_SED-BED/SED/Grp_002_SED_X011_Y011.png,11,11,1.642987808,400,Grp_002_SED_X011_Y011,SED,6.392,14.782,6392.0,14782.0
400,/Users/dawid/Library/Mobile Documents/com~apple~CloudDocs/Dokumenty/SEM_measurements/Calibration/mag400_SED-BED/SED/Grp_002_SED_X011_Y012.png,11,12,1.64328416222222,400,Grp_002_SED_X011_Y012,SED,6.391,14.794,6391.0,14794.0
400,/Users/dawid/Library/Mobile Documents/com~apple~CloudDocs/Dokumenty/SEM_measurements/Calibration/mag400_SED-BED/SED/Grp_002_SED_X011_Y013.png,11,13,1.84702769,400,Grp_002_SED_X011_Y013,SED,6.392,14.807,6392.0,14807.0
400,/Users/dawid/Library/Mobile Documents/com~apple~CloudDocs/Dokumenty/SEM_measurements/Calibration/mag400_SED-BED/SED/Grp_002_SED_X011_Y014.png,11,14,1.63883884888889,400,Grp_002_SED_X011_Y014,SED,6.391,14.819,6391.0,14819.0
400,/Users/dawid/Library/Mobile Documents/com~apple~CloudDocs/Dokumenty/SEM_measurements/Calibration/mag400_SED-BED/SED/Grp_002_SED_X011_Y015.png,11,15,1.64032062,400,Grp_002_SED_X011_Y015,SED,6.392,14.832,6392.0,14832.0
400,/Users/dawid/Library/Mobile Documents/com~apple~CloudDocs/Dokumenty/SEM_measurements/Calibration/mag400_SED-BED/SED/Grp_002_SED_X011_Y016.png,11,16,1.64032062,400,Grp_002_SED_X011_Y016,SED,6.392,14.844,6392.0,14844.0
400,/Users/dawid/Library/Mobile Documents/com~apple~CloudDocs/Dokumenty/SEM_measurements/Calibration/mag400_SED-BED/SED/Grp_002_SED_X011_Y017.png,11,17,1.64476593333333,400,Grp_002_SED_X011_Y017,SED,6.392,14.857,6392.0,14857.0
400,/Users/dawid/Library/Mobile Documents/com~apple~CloudDocs/Dokumenty/SEM_measurements/Calibration/mag400_SED-BED/SED/Grp_002_SED_X011_Y018.png,11,18,1.637653432,400,Grp_002_SED_X011_Y018,SED,6.392,14.869,6392.0,14869.0
400,/Users/dawid/Library/Mobile Documents/com~apple~CloudDocs/Dokumenty/SEM_measurements/Calibration/mag400_SED-BED/SED/Grp_002_SED_X012_Y000.png,12,0,1.64476593333333,400,Grp_002_SED_X012_Y000,SED,6.374,14.644,6374.0,14644.0
400,/Users/dawid/Library/Mobile Documents/com~apple~CloudDocs/Dokumenty/SEM_measurements/Calibration/mag400_SED-BED/SED/Grp_002_SED_X012_Y001.png,12,1,1.64772947555556,400,Grp_002_SED_X012_Y001,SED,6.375,14.656,6375.0,14656.0
400,/Users/dawid/Library/Mobile Documents/com~apple~CloudDocs/Dokumenty/SEM_measurements/Calibration/mag400_SED-BED/SED/Grp_002_SED_X012_Y002.png,12,2,1.64698859,400,Grp_002_SED_X012_Y002,SED,6.374,14.669,6374.0,14669.0
400,/Users/dawid/Library/Mobile Documents/com~apple~CloudDocs/Dokumenty/SEM_measurements/Calibration/mag400_SED-BED/SED/Grp_002_SED_X012_Y003.png,12,3,1.64624770444444,400,Grp_002_SED_X012_Y003,SED,6.375,14.681,6375.0,14681.0
400,/Users/dawid/Library/Mobile Documents/com~apple~CloudDocs/Dokumenty/SEM_measurements/Calibration/mag400_SED-BED/SED/Grp_002_SED_X012_Y004.png,12,4,1.64476593333333,400,Grp_002_SED_X012_Y004,SED,6.374,14.694,6374.0,14694.0
400,/Users/dawid/Library/Mobile Documents/com~apple~CloudDocs/Dokumenty/SEM_measurements/Calibration/mag400_SED-BED/SED/Grp_002_SED_X012_Y005.png,12,5,1.64624770444444,400,Grp_002_SED_X012_Y005,SED,6.375,14.707,6375.0,14707.0
400,/Users/dawid/Library/Mobile Documents/com~apple~CloudDocs/Dokumenty/SEM_measurements/Calibration/mag400_SED-BED/SED/Grp_002_SED_X012_Y006.png,12,6,1.64624770444444,400,Grp_002_SED_X012_Y006,SED,6.374,14.719,6374.0,14719.0
400,/Users/dawid/Library/Mobile Documents/com~apple~CloudDocs/Dokumenty/SEM_measurements/Calibration/mag400_SED-BED/SED/Grp_002_SED_X012_Y007.png,12,7,1.64624770444444,400,Grp_002_SED_X012_Y007,SED,6.375,14.732,6375.0,14732.0
400,/Users/dawid/Library/Mobile Documents/com~apple~CloudDocs/Dokumenty/SEM_measurements/Calibration/mag400_SED-BED/SED/Grp_002_SED_X012_Y008.png,12,8,1.84702769,400,Grp_002_SED_X012_Y008,SED,6.374,14.744,6374.0,14744.0
400,/Users/dawid/Library/Mobile Documents/com~apple~CloudDocs/Dokumenty/SEM_measurements/Calibration/mag400_SED-BED/SED/Grp_002_SED_X012_Y009.png,12,9,1.63735707777778,400,Grp_002_SED_X012_Y009,SED,6.375,14.757,6375.0,14757.0
400,/Users/dawid/Library/Mobile Documents/com~apple~CloudDocs/Dokumenty/SEM_measurements/Calibration/mag400_SED-BED/SED/Grp_002_SED_X012_Y010.png,12,10,1.64328416222222,400,Grp_002_SED_X012_Y010,SED,6.374,14.769,6374.0,14769.0
400,/Users/dawid/Library/Mobile Documents/com~apple~CloudDocs/Dokumenty/SEM_measurements/Calibration/mag400_SED-BED/SED/Grp_002_SED_X012_Y011.png,12,11,1.64180239111111,400,Grp_002_SED_X012_Y011,SED,6.375,14.782,6375.0,14782.0
400,/Users/dawid/Library/Mobile Documents/com~apple~CloudDocs/Dokumenty/SEM_measurements/Calibration/mag400_SED-BED/SED/Grp_002_SED_X012_Y012.png,12,12,1.64328416222222,400,Grp_002_SED_X012_Y012,SED,6.375,14.794,6375.0,14794.0
400,/Users/dawid/Library/Mobile Documents/com~apple~CloudDocs/Dokumenty/SEM_measurements/Calibration/mag400_SED-BED/SED/Grp_002_SED_X012_Y013.png,12,13,1.850361675,400,Grp_002_SED_X012_Y013,SED,6.375,14.807,6375.0,14807.0
400,/Users/dawid/Library/Mobile Documents/com~apple~CloudDocs/Dokumenty/SEM_measurements/Calibration/mag400_SED-BED/SED/Grp_002_SED_X012_Y014.png,12,14,1.64328416222222,400,Grp_002_SED_X012_Y014,SED,6.375,14.819,6375.0,14819.0
400,/Users/dawid/Library/Mobile Documents/com~apple~CloudDocs/Dokumenty/SEM_measurements/Calibration/mag400_SED-BED/SED/Grp_002_SED_X012_Y015.png,12,15,1.64698859,400,Grp_002_SED_X012_Y015,SED,6.375,14.832,6375.0,14832.0
400,/Users/dawid/Library/Mobile Documents/com~apple~CloudDocs/Dokumenty/SEM_measurements/Calibration/mag400_SED-BED/SED/Grp_002_SED_X012_Y016.png,12,16,1.64180239111111,400,Grp_002_SED_X012_Y016,SED,6.375,14.844,6375.0,14844.0
400,/Users/dawid/Library/Mobile Documents/com~apple~CloudDocs/Dokumenty/SEM_measurements/Calibration/mag400_SED-BED/SED/Grp_002_SED_X012_Y017.png,12,17,1.8553626525,400,Grp_002_SED_X012_Y017,SED,6.375,14.857,6375.0,14857.0
400,/Users/dawid/Library/Mobile Documents/com~apple~CloudDocs/Dokumenty/SEM_measurements/Calibration/mag400_SED-BED/SED/Grp_002_SED_X012_Y018.png,12,18,1.648322184,400,Grp_002_SED_X012_Y018,SED,6.375,14.869,6375.0,14869.0
400,/Users/dawid/Library/Mobile Documents/com~apple~CloudDocs/Dokumenty/SEM_measurements/Calibration/mag400_SED-BED/SED/Grp_002_SED_X013_Y000.png,13,0,1.64772947555556,400,Grp_002_SED_X013_Y000,SED,6.357,14.644,6357.0,14644.0
400,/Users/dawid/Library/Mobile Documents/com~apple~CloudDocs/Dokumenty/SEM_measurements/Calibration/mag400_SED-BED/SED/Grp_002_SED_X013_Y001.png,13,1,1.64476593333333,400,Grp_002_SED_X013_Y001,SED,6.358,14.656,6358.0,14656.0
400,/Users/dawid/Library/Mobile Documents/com~apple~CloudDocs/Dokumenty/SEM_measurements/Calibration/mag400_SED-BED/SED/Grp_002_SED_X013_Y002.png,13,2,1.64328416222222,400,Grp_002_SED_X013_Y002,SED,6.357,14.669,6357.0,14669.0
400,/Users/dawid/Library/Mobile Documents/com~apple~CloudDocs/Dokumenty/SEM_measurements/Calibration/mag400_SED-BED/SED/Grp_002_SED_X013_Y003.png,13,3,1.64032062,400,Grp_002_SED_X013_Y003,SED,6.358,14.681,6358.0,14681.0
400,/Users/dawid/Library/Mobile Documents/com~apple~CloudDocs/Dokumenty/SEM_measurements/Calibration/mag400_SED-BED/SED/Grp_002_SED_X013_Y004.png,13,4,1.64328416222222,400,Grp_002_SED_X013_Y004,SED,6.357,14.694,6357.0,14694.0
400,/Users/dawid/Library/Mobile Documents/com~apple~CloudDocs/Dokumenty/SEM_measurements/Calibration/mag400_SED-BED/SED/Grp_002_SED_X013_Y005.png,13,5,1.64921124666667,400,Grp_002_SED_X013_Y005,SED,6.358,14.707,6358.0,14707.0
400,/Users/dawid/Library/Mobile Documents/com~apple~CloudDocs/Dokumenty/SEM_measurements/Calibration/mag400_SED-BED/SED/Grp_002_SED_X013_Y006.png,13,6,1.64698859,400,Grp_002_SED_X013_Y006,SED,6.357,14.719,6357.0,14719.0
400,/Users/dawid/Library/Mobile Documents/com~apple~CloudDocs/Dokumenty/SEM_measurements/Calibration/mag400_SED-BED/SED/Grp_002_SED_X013_Y007.png,13,7,1.642987808,400,Grp_002_SED_X013_Y007,SED,6.358,14.732,6358.0,14732.0
400,/Users/dawid/Library/Mobile Documents/com~apple~CloudDocs/Dokumenty/SEM_measurements/Calibration/mag400_SED-BED/SED/Grp_002_SED_X013_Y008.png,13,8,1.64476593333333,400,Grp_002_SED_X013_Y008,SED,6.357,14.744,6357.0,14744.0
400,/Users/dawid/Library/Mobile Documents/com~apple~CloudDocs/Dokumenty/SEM_measurements/Calibration/mag400_SED-BED/SED/Grp_002_SED_X013_Y009.png,13,9,1.64624770444444,400,Grp_002_SED_X013_Y009,SED,6.358,14.757,6358.0,14757.0
400,/Users/dawid/Library/Mobile Documents/com~apple~CloudDocs/Dokumenty/SEM_measurements/Calibration/mag400_SED-BED/SED/Grp_002_SED_X013_Y010.png,13,10,1.63883884888889,400,Grp_002_SED_X013_Y010,SED,6.358,14.769,6358.0,14769.0
400,/Users/dawid/Library/Mobile Documents/com~apple~CloudDocs/Dokumenty/SEM_measurements/Calibration/mag400_SED-BED/SED/Grp_002_SED_X013_Y011.png,13,11,1.64032062,400,Grp_002_SED_X013_Y011,SED,6.358,14.782,6358.0,14782.0
400,/Users/dawid/Library/Mobile Documents/com~apple~CloudDocs/Dokumenty/SEM_measurements/Calibration/mag400_SED-BED/SED/Grp_002_SED_X013_Y012.png,13,12,1.644321402,400,Grp_002_SED_X013_Y012,SED,6.358,14.794,6358.0,14794.0
400,/Users/dawid/Library/Mobile Documents/com~apple~CloudDocs/Dokumenty/SEM_measurements/Calibration/mag400_SED-BED/SED/Grp_002_SED_X013_Y013.png,13,13,1.64328416222222,400,Grp_002_SED_X013_Y013,SED,6.358,14.807,6358.0,14807.0
400,/Users/dawid/Library/Mobile Documents/com~apple~CloudDocs/Dokumenty/SEM_measurements/Calibration/mag400_SED-BED/SED/Grp_002_SED_X013_Y014.png,13,14,1.64180239111111,400,Grp_002_SED_X013_Y014,SED,6.358,14.819,6358.0,14819.0
400,/Users/dawid/Library/Mobile Documents/com~apple~CloudDocs/Dokumenty/SEM_measurements/Calibration/mag400_SED-BED/SED/Grp_002_SED_X013_Y015.png,13,15,1.64624770444444,400,Grp_002_SED_X013_Y015,SED,6.358,14.832,6358.0,14832.0
400,/Users/dawid/Library/Mobile Documents/com~apple~CloudDocs/Dokumenty/SEM_measurements/Calibration/mag400_SED-BED/SED/Grp_002_SED_X013_Y016.png,13,16,1.64180239111111,400,Grp_002_SED_X013_Y016,SED,6.358,14.844,6358.0,14844.0
400,/Users/dawid/Library/Mobile Documents/com~apple~CloudDocs/Dokumenty/SEM_measurements/Calibration/mag400_SED-BED/SED/Grp_002_SED_X013_Y017.png,13,17,1.8553626525,400,Grp_002_SED_X013_Y017,SED,6.358,14.857,6358.0,14857.0
400,/Users/dawid/Library/Mobile Documents/com~apple~CloudDocs/Dokumenty/SEM_measurements/Calibration/mag400_SED-BED/SED/Grp_002_SED_X013_Y018.png,13,18,1.64476593333333,400,Grp_002_SED_X013_Y018,SED,6.358,14.869,6358.0,14869.0
400,/Users/dawid/Library/Mobile Documents/com~apple~CloudDocs/Dokumenty/SEM_measurements/Calibration/mag400_SED-BED/SED/Grp_002_SED_X014_Y000.png,14,0,1.64328416222222,400,Grp_002_SED_X014_Y000,SED,6.34,14.644,6340.0,14644.0
400,/Users/dawid/Library/Mobile Documents/com~apple~CloudDocs/Dokumenty/SEM_measurements/Calibration/mag400_SED-BED/SED/Grp_002_SED_X014_Y001.png,14,1,1.64328416222222,400,Grp_002_SED_X014_Y001,SED,6.341,14.656,6341.0,14656.0
400,/Users/dawid/Library/Mobile Documents/com~apple~CloudDocs/Dokumenty/SEM_measurements/Calibration/mag400_SED-BED/SED/Grp_002_SED_X014_Y002.png,14,2,1.64328416222222,400,Grp_002_SED_X014_Y002,SED,6.34,14.669,6340.0,14669.0
400,/Users/dawid/Library/Mobile Documents/com~apple~CloudDocs/Dokumenty/SEM_measurements/Calibration/mag400_SED-BED/SED/Grp_002_SED_X014_Y003.png,14,3,1.64698859,400,Grp_002_SED_X014_Y003,SED,6.341,14.681,6341.0,14681.0
400,/Users/dawid/Library/Mobile Documents/com~apple~CloudDocs/Dokumenty/SEM_measurements/Calibration/mag400_SED-BED/SED/Grp_002_SED_X014_Y004.png,14,4,1.63883884888889,400,Grp_002_SED_X014_Y004,SED,6.34,14.694,6340.0,14694.0
400,/Users/dawid/Library/Mobile Documents/com~apple~CloudDocs/Dokumenty/SEM_measurements/Calibration/mag400_SED-BED/SED/Grp_002_SED_X014_Y005.png,14,5,1.64180239111111,400,Grp_002_SED_X014_Y005,SED,6.341,14.707,6341.0,14707.0
400,/Users/dawid/Library/Mobile Documents/com~apple~CloudDocs/Dokumenty/SEM_measurements/Calibration/mag400_SED-BED/SED/Grp_002_SED_X014_Y006.png,14,6,1.64698859,400,Grp_002_SED_X014_Y006,SED,6.341,14.719,6341.0,14719.0
400,/Users/dawid/Library/Mobile Documents/com~apple~CloudDocs/Dokumenty/SEM_measurements/Calibration/mag400_SED-BED/SED/Grp_002_SED_X014_Y007.png,14,7,1.644321402,400,Grp_002_SED_X014_Y007,SED,6.341,14.732,6341.0,14732.0
400,/Users/dawid/Library/Mobile Documents/com~apple~CloudDocs/Dokumenty/SEM_measurements/Calibration/mag400_SED-BED/SED/Grp_002_SED_X014_Y008.png,14,8,1.641654214,400,Grp_002_SED_X014_Y008,SED,6.341,14.744,6341.0,14744.0
400,/Users/dawid/Library/Mobile Documents/com~apple~CloudDocs/Dokumenty/SEM_measurements/Calibration/mag400_SED-BED/SED/Grp_002_SED_X014_Y009.png,14,9,1.644321402,400,Grp_002_SED_X014_Y009,SED,6.341,14.757,6341.0,14757.0
400,/Users/dawid/Library/Mobile Documents/com~apple~CloudDocs/Dokumenty/SEM_measurements/Calibration/mag400_SED-BED/SED/Grp_002_SED_X014_Y010.png,14,10,1.64180239111111,400,Grp_002_SED_X014_Y010,SED,6.341,14.769,6341.0,14769.0
400,/Users/dawid/Library/Mobile Documents/com~apple~CloudDocs/Dokumenty/SEM_measurements/Calibration/mag400_SED-BED/SED/Grp_002_SED_X014_Y011.png,14,11,1.64032062,400,Grp_002_SED_X014_Y011,SED,6.341,14.782,6341.0,14782.0
400,/Users/dawid/Library/Mobile Documents/com~apple~CloudDocs/Dokumenty/SEM_measurements/Calibration/mag400_SED-BED/SED/Grp_002_SED_X014_Y012.png,14,12,1.64921124666667,400,Grp_002_SED_X014_Y012,SED,6.341,14.794,6341.0,14794.0
400,/Users/dawid/Library/Mobile Documents/com~apple~CloudDocs/Dokumenty/SEM_measurements/Calibration/mag400_SED-BED/SED/Grp_002_SED_X014_Y013.png,14,13,1.642987808,400,Grp_002_SED_X014_Y013,SED,6.341,14.807,6341.0,14807.0
400,/Users/dawid/Library/Mobile Documents/com~apple~CloudDocs/Dokumenty/SEM_measurements/Calibration/mag400_SED-BED/SED/Grp_002_SED_X014_Y014.png,14,14,1.64032062,400,Grp_002_SED_X014_Y014,SED,6.341,14.819,6341.0,14819.0
400,/Users/dawid/Library/Mobile Documents/com~apple~CloudDocs/Dokumenty/SEM_measurements/Calibration/mag400_SED-BED/SED/Grp_002_SED_X014_Y015.png,14,15,1.64772947555556,400,Grp_002_SED_X014_Y015,SED,6.341,14.832,6341.0,14832.0
400,/Users/dawid/Library/Mobile Documents/com~apple~CloudDocs/Dokumenty/SEM_measurements/Calibration/mag400_SED-BED/SED/Grp_002_SED_X014_Y016.png,14,16,1.644321402,400,Grp_002_SED_X014_Y016,SED,6.341,14.844,6341.0,14844.0
400,/Users/dawid/Library/Mobile Documents/com~apple~CloudDocs/Dokumenty/SEM_measurements/Calibration/mag400_SED-BED/SED/Grp_002_SED_X014_Y017.png,14,17,1.64032062,400,Grp_002_SED_X014_Y017,SED,6.341,14.857,6341.0,14857.0
400,/Users/dawid/Library/Mobile Documents/com~apple~CloudDocs/Dokumenty/SEM_measurements/Calibration/mag400_SED-BED/SED/Grp_002_SED_X014_Y018.png,14,18,1.64032062,400,Grp_002_SED_X014_Y018,SED,6.341,14.869,6341.0,14869.0
400,/Users/dawid/Library/Mobile Documents/com~apple~CloudDocs/Dokumenty/SEM_measurements/Calibration/mag400_SED-BED/SED/Grp_002_SED_X015_Y000.png,15,0,1.64328416222222,400,Grp_002_SED_X015_Y000,SED,6.324,14.644,6324.0,14644.0
400,/Users/dawid/Library/Mobile Documents/com~apple~CloudDocs/Dokumenty/SEM_measurements/Calibration/mag400_SED-BED/SED/Grp_002_SED_X015_Y001.png,15,1,1.64698859,400,Grp_002_SED_X015_Y001,SED,6.324,14.656,6324.0,14656.0
400,/Users/dawid/Library/Mobile Documents/com~apple~CloudDocs/Dokumenty/SEM_measurements/Calibration/mag400_SED-BED/SED/Grp_002_SED_X015_Y002.png,15,2,1.63735707777778,400,Grp_002_SED_X015_Y002,SED,6.324,14.669,6324.0,14669.0
400,/Users/dawid/Library/Mobile Documents/com~apple~CloudDocs/Dokumenty/SEM_measurements/Calibration/mag400_SED-BED/SED/Grp_002_SED_X015_Y003.png,15,3,1.636319838,400,Grp_002_SED_X015_Y003,SED,6.324,14.681,6324.0,14681.0
400,/Users/dawid/Library/Mobile Documents/com~apple~CloudDocs/Dokumenty/SEM_measurements/Calibration/mag400_SED-BED/SED/Grp_002_SED_X015_Y004.png,15,4,1.645654996,400,Grp_002_SED_X015_Y004,SED,6.324,14.694,6324.0,14694.0
400,/Users/dawid/Library/Mobile Documents/com~apple~CloudDocs/Dokumenty/SEM_measurements/Calibration/mag400_SED-BED/SED/Grp_002_SED_X015_Y005.png,15,5,1.644321402,400,Grp_002_SED_X015_Y005,SED,6.324,14.707,6324.0,14707.0
400,/Users/dawid/Library/Mobile Documents/com~apple~CloudDocs/Dokumenty/SEM_measurements/Calibration/mag400_SED-BED/SED/Grp_002_SED_X015_Y006.png,15,6,1.64476593333333,400,Grp_002_SED_X015_Y006,SED,6.324,14.719,6324.0,14719.0
400,/Users/dawid/Library/Mobile Documents/com~apple~CloudDocs/Dokumenty/SEM_measurements/Calibration/mag400_SED-BED/SED/Grp_002_SED_X015_Y007.png,15,7,1.64624770444444,400,Grp_002_SED_X015_Y007,SED,6.324,14.732,6324.0,14732.0
400,/Users/dawid/Library/Mobile Documents/com~apple~CloudDocs/Dokumenty/SEM_measurements/Calibration/mag400_SED-BED/SED/Grp_002_SED_X015_Y008.png,15,8,1.64180239111111,400,Grp_002_SED_X015_Y008,SED,6.324,14.744,6324.0,14744.0
400,/Users/dawid/Library/Mobile Documents/com~apple~CloudDocs/Dokumenty/SEM_measurements/Calibration/mag400_SED-BED/SED/Grp_002_SED_X015_Y009.png,15,9,1.641654214,400,Grp_002_SED_X015_Y009,SED,6.324,14.757,6324.0,14757.0
400,/Users/dawid/Library/Mobile Documents/com~apple~CloudDocs/Dokumenty/SEM_measurements/Calibration/mag400_SED-BED/SED/Grp_002_SED_X015_Y010.png,15,10,1.64328416222222,400,Grp_002_SED_X015_Y010,SED,6.324,14.769,6324.0,14769.0
400,/Users/dawid/Library/Mobile Documents/com~apple~CloudDocs/Dokumenty/SEM_measurements/Calibration/mag400_SED-BED/SED/Grp_002_SED_X015_Y011.png,15,11,1.64624770444444,400,Grp_002_SED_X015_Y011,SED,6.324,14.782,6324.0,14782.0
400,/Users/dawid/Library/Mobile Documents/com~apple~CloudDocs/Dokumenty/SEM_measurements/Calibration/mag400_SED-BED/SED/Grp_002_SED_X015_Y012.png,15,12,1.64772947555556,400,Grp_002_SED_X015_Y012,SED,6.324,14.794,6324.0,14794.0
400,/Users/dawid/Library/Mobile Documents/com~apple~CloudDocs/Dokumenty/SEM_measurements/Calibration/mag400_SED-BED/SED/Grp_002_SED_X015_Y013.png,15,13,1.64624770444444,400,Grp_002_SED_X015_Y013,SED,6.324,14.807,6324.0,14807.0
400,/Users/dawid/Library/Mobile Documents/com~apple~CloudDocs/Dokumenty/SEM_measurements/Calibration/mag400_SED-BED/SED/Grp_002_SED_X015_Y014.png,15,14,1.64476593333333,400,Grp_002_SED_X015_Y014,SED,6.324,14.819,6324.0,14819.0
400,/Users/dawid/Library/Mobile Documents/com~apple~CloudDocs/Dokumenty/SEM_measurements/Calibration/mag400_SED-BED/SED/Grp_002_SED_X015_Y015.png,15,15,1.64624770444444,400,Grp_002_SED_X015_Y015,SED,6.325,14.832,6325.0,14832.0
400,/Users/dawid/Library/Mobile Documents/com~apple~CloudDocs/Dokumenty/SEM_measurements/Calibration/mag400_SED-BED/SED/Grp_002_SED_X015_Y016.png,15,16,1.641654214,400,Grp_002_SED_X015_Y016,SED,6.324,14.844,6324.0,14844.0
400,/Users/dawid/Library/Mobile Documents/com~apple~CloudDocs/Dokumenty/SEM_measurements/Calibration/mag400_SED-BED/SED/Grp_002_SED_X015_Y017.png,15,17,1.644321402,400,Grp_002_SED_X015_Y017,SED,6.325,14.857,6325.0,14857.0
400,/Users/dawid/Library/Mobile Documents/com~apple~CloudDocs/Dokumenty/SEM_measurements/Calibration/mag400_SED-BED/SED/Grp_002_SED_X015_Y018.png,15,18,1.64772947555556,400,Grp_002_SED_X015_Y018,SED,6.324,14.87,6324.0,14870.0
400,/Users/dawid/Library/Mobile Documents/com~apple~CloudDocs/Dokumenty/SEM_measurements/Calibration/mag400_SED-BED/SED/Grp_002_SED_X016_Y000.png,16,0,1.64180239111111,400,Grp_002_SED_X016_Y000,SED,6.307,14.644,6307.0,14644.0
400,/Users/dawid/Library/Mobile Documents/com~apple~CloudDocs/Dokumenty/SEM_measurements/Calibration/mag400_SED-BED/SED/Grp_002_SED_X016_Y001.png,16,1,1.644321402,400,Grp_002_SED_X016_Y001,SED,6.307,14.656,6307.0,14656.0
400,/Users/dawid/Library/Mobile Documents/com~apple~CloudDocs/Dokumenty/SEM_measurements/Calibration/mag400_SED-BED/SED/Grp_002_SED_X016_Y002.png,16,2,1.649655778,400,Grp_002_SED_X016_Y002,SED,6.307,14.669,6307.0,14669.0
400,/Users/dawid/Library/Mobile Documents/com~apple~CloudDocs/Dokumenty/SEM_measurements/Calibration/mag400_SED-BED/SED/Grp_002_SED_X016_Y003.png,16,3,1.64476593333333,400,Grp_002_SED_X016_Y003,SED,6.307,14.681,6307.0,14681.0
400,/Users/dawid/Library/Mobile Documents/com~apple~CloudDocs/Dokumenty/SEM_measurements/Calibration/mag400_SED-BED/SED/Grp_002_SED_X016_Y004.png,16,4,1.642987808,400,Grp_002_SED_X016_Y004,SED,6.307,14.694,6307.0,14694.0
400,/Users/dawid/Library/Mobile Documents/com~apple~CloudDocs/Dokumenty/SEM_measurements/Calibration/mag400_SED-BED/SED/Grp_002_SED_X016_Y005.png,16,5,1.64624770444444,400,Grp_002_SED_X016_Y005,SED,6.307,14.707,6307.0,14707.0
400,/Users/dawid/Library/Mobile Documents/com~apple~CloudDocs/Dokumenty/SEM_measurements/Calibration/mag400_SED-BED/SED/Grp_002_SED_X016_Y006.png,16,6,1.64624770444444,400,Grp_002_SED_X016_Y006,SED,6.307,14.719,6307.0,14719.0
400,/Users/dawid/Library/Mobile Documents/com~apple~CloudDocs/Dokumenty/SEM_measurements/Calibration/mag400_SED-BED/SED/Grp_002_SED_X016_Y007.png,16,7,1.64180239111111,400,Grp_002_SED_X016_Y007,SED,6.307,14.732,6307.0,14732.0
400,/Users/dawid/Library/Mobile Documents/com~apple~CloudDocs/Dokumenty/SEM_measurements/Calibration/mag400_SED-BED/SED/Grp_002_SED_X016_Y008.png,16,8,1.64921124666667,400,Grp_002_SED_X016_Y008,SED,6.307,14.744,6307.0,14744.0
400,/Users/dawid/Library/Mobile Documents/com~apple~CloudDocs/Dokumenty/SEM_measurements/Calibration/mag400_SED-BED/SED/Grp_002_SED_X016_Y009.png,16,9,1.64476593333333,400,Grp_002_SED_X016_Y009,SED,6.307,14.757,6307.0,14757.0
400,/Users/dawid/Library/Mobile Documents/com~apple~CloudDocs/Dokumenty/SEM_measurements/Calibration/mag400_SED-BED/SED/Grp_002_SED_X016_Y010.png,16,10,1.644321402,400,Grp_002_SED_X016_Y010,SED,6.307,14.769,6307.0,14769.0
400,/Users/dawid/Library/Mobile Documents/com~apple~CloudDocs/Dokumenty/SEM_measurements/Calibration/mag400_SED-BED/SED/Grp_002_SED_X016_Y011.png,16,11,1.64624770444444,400,Grp_002_SED_X016_Y011,SED,6.307,14.782,6307.0,14782.0
400,/Users/dawid/Library/Mobile Documents/com~apple~CloudDocs/Dokumenty/SEM_measurements/Calibration/mag400_SED-BED/SED/Grp_002_SED_X016_Y012.png,16,12,1.64476593333333,400,Grp_002_SED_X016_Y012,SED,6.307,14.794,6307.0,14794.0
400,/Users/dawid/Library/Mobile Documents/com~apple~CloudDocs/Dokumenty/SEM_measurements/Calibration/mag400_SED-BED/SED/Grp_002_SED_X016_Y013.png,16,13,1.64180239111111,400,Grp_002_SED_X016_Y013,SED,6.308,14.807,6308.0,14807.0
400,/Users/dawid/Library/Mobile Documents/com~apple~CloudDocs/Dokumenty/SEM_measurements/Calibration/mag400_SED-BED/SED/Grp_002_SED_X016_Y014.png,16,14,1.64772947555556,400,Grp_002_SED_X016_Y014,SED,6.307,14.819,6307.0,14819.0
400,/Users/dawid/Library/Mobile Documents/com~apple~CloudDocs/Dokumenty/SEM_measurements/Calibration/mag400_SED-BED/SED/Grp_002_SED_X016_Y015.png,16,15,1.64180239111111,400,Grp_002_SED_X016_Y015,SED,6.308,14.832,6308.0,14832.0
400,/Users/dawid/Library/Mobile Documents/com~apple~CloudDocs/Dokumenty/SEM_measurements/Calibration/mag400_SED-BED/SED/Grp_002_SED_X016_Y016.png,16,16,1.64032062,400,Grp_002_SED_X016_Y016,SED,6.307,14.844,6307.0,14844.0
400,/Users/dawid/Library/Mobile Documents/com~apple~CloudDocs/Dokumenty/SEM_measurements/Calibration/mag400_SED-BED/SED/Grp_002_SED_X016_Y017.png,16,17,1.638987026,400,Grp_002_SED_X016_Y017,SED,6.308,14.857,6308.0,14857.0
400,/Users/dawid/Library/Mobile Documents/com~apple~CloudDocs/Dokumenty/SEM_measurements/Calibration/mag400_SED-BED/SED/Grp_002_SED_X016_Y018.png,16,18,1.64328416222222,400,Grp_002_SED_X016_Y018,SED,6.307,14.87,6307.0,14870.0
400,/Users/dawid/Library/Mobile Documents/com~apple~CloudDocs/Dokumenty/SEM_measurements/Calibration/mag400_SED-BED/SED/Grp_002_SED_X017_Y000.png,17,0,1.64328416222222,400,Grp_002_SED_X017_Y000,SED,6.29,14.644,6290.0,14644.0
400,/Users/dawid/Library/Mobile Documents/com~apple~CloudDocs/Dokumenty/SEM_measurements/Calibration/mag400_SED-BED/SED/Grp_002_SED_X017_Y001.png,17,1,1.641654214,400,Grp_002_SED_X017_Y001,SED,6.29,14.656,6290.0,14656.0
400,/Users/dawid/Library/Mobile Documents/com~apple~CloudDocs/Dokumenty/SEM_measurements/Calibration/mag400_SED-BED/SED/Grp_002_SED_X017_Y002.png,17,2,1.632319056,400,Grp_002_SED_X017_Y002,SED,6.29,14.669,6290.0,14669.0
400,/Users/dawid/Library/Mobile Documents/com~apple~CloudDocs/Dokumenty/SEM_measurements/Calibration/mag400_SED-BED/SED/Grp_002_SED_X017_Y003.png,17,3,1.64476593333333,400,Grp_002_SED_X017_Y003,SED,6.29,14.681,6290.0,14681.0
400,/Users/dawid/Library/Mobile Documents/com~apple~CloudDocs/Dokumenty/SEM_measurements/Calibration/mag400_SED-BED/SED/Grp_002_SED_X017_Y004.png,17,4,1.64180239111111,400,Grp_002_SED_X017_Y004,SED,6.29,14.694,6290.0,14694.0
400,/Users/dawid/Library/Mobile Documents/com~apple~CloudDocs/Dokumenty/SEM_measurements/Calibration/mag400_SED-BED/SED/Grp_002_SED_X017_Y005.png,17,5,1.64180239111111,400,Grp_002_SED_X017_Y005,SED,6.29,14.707,6290.0,14707.0
400,/Users/dawid/Library/Mobile Documents/com~apple~CloudDocs/Dokumenty/SEM_measurements/Calibration/mag400_SED-BED/SED/Grp_002_SED_X017_Y006.png,17,6,1.64476593333333,400,Grp_002_SED_X017_Y006,SED,6.29,14.719,6290.0,14719.0
400,/Users/dawid/Library/Mobile Documents/com~apple~CloudDocs/Dokumenty/SEM_measurements/Calibration/mag400_SED-BED/SED/Grp_002_SED_X017_Y007.png,17,7,1.64921124666667,400,Grp_002_SED_X017_Y007,SED,6.29,14.732,6290.0,14732.0
400,/Users/dawid/Library/Mobile Documents/com~apple~CloudDocs/Dokumenty/SEM_measurements/Calibration/mag400_SED-BED/SED/Grp_002_SED_X017_Y008.png,17,8,1.64180239111111,400,Grp_002_SED_X017_Y008,SED,6.29,14.744,6290.0,14744.0
400,/Users/dawid/Library/Mobile Documents/com~apple~CloudDocs/Dokumenty/SEM_measurements/Calibration/mag400_SED-BED/SED/Grp_002_SED_X017_Y009.png,17,9,1.64180239111111,400,Grp_002_SED_X017_Y009,SED,6.291,14.757,6291.0,14757.0
400,/Users/dawid/Library/Mobile Documents/com~apple~CloudDocs/Dokumenty/SEM_measurements/Calibration/mag400_SED-BED/SED/Grp_002_SED_X017_Y010.png,17,10,1.642987808,400,Grp_002_SED_X017_Y010,SED,6.29,14.769,6290.0,14769.0
400,/Users/dawid/Library/Mobile Documents/com~apple~CloudDocs/Dokumenty/SEM_measurements/Calibration/mag400_SED-BED/SED/Grp_002_SED_X017_Y011.png,17,11,1.645654996,400,Grp_002_SED_X017_Y011,SED,6.291,14.782,6291.0,14782.0
400,/Users/dawid/Library/Mobile Documents/com~apple~CloudDocs/Dokumenty/SEM_measurements/Calibration/mag400_SED-BED/SED/Grp_002_SED_X017_Y012.png,17,12,1.64476593333333,400,Grp_002_SED_X017_Y012,SED,6.29,14.794,6290.0,14794.0
400,/Users/dawid/Library/Mobile Documents/com~apple~CloudDocs/Dokumenty/SEM_measurements/Calibration/mag400_SED-BED/SED/Grp_002_SED_X017_Y013.png,17,13,1.64328416222222,400,Grp_002_SED_X017_Y013,SED,6.291,14.807,6291.0,14807.0
400,/Users/dawid/Library/Mobile Documents/com~apple~CloudDocs/Dokumenty/SEM_measurements/Calibration/mag400_SED-BED/SED/Grp_002_SED_X017_Y014.png,17,14,1.644321402,400,Grp_002_SED_X017_Y014,SED,6.29,14.819,6290.0,14819.0
400,/Users/dawid/Library/Mobile Documents/com~apple~CloudDocs/Dokumenty/SEM_measurements/Calibration/mag400_SED-BED/SED/Grp_002_SED_X017_Y015.png,17,15,1.63587530666667,400,Grp_002_SED_X017_Y015,SED,6.291,14.832,6291.0,14832.0
400,/Users/dawid/Library/Mobile Documents/com~apple~CloudDocs/Dokumenty/SEM_measurements/Calibration/mag400_SED-BED/SED/Grp_002_SED_X017_Y016.png,17,16,1.64772947555556,400,Grp_002_SED_X017_Y016,SED,6.29,14.844,6290.0,14844.0
400,/Users/dawid/Library/Mobile Documents/com~apple~CloudDocs/Dokumenty/SEM_measurements/Calibration/mag400_SED-BED/SED/Grp_002_SED_X017_Y017.png,17,17,1.64476593333333,400,Grp_002_SED_X017_Y017,SED,6.291,14.857,6291.0,14857.0
400,/Users/dawid/Library/Mobile Documents/com~apple~CloudDocs/Dokumenty/SEM_measurements/Calibration/mag400_SED-BED/SED/Grp_002_SED_X017_Y018.png,17,18,1.64624770444444,400,Grp_002_SED_X017_Y018,SED,6.29,14.87,6290.0,14870.0
400,/Users/dawid/Library/Mobile Documents/com~apple~CloudDocs/Dokumenty/SEM_measurements/Calibration/mag400_SED-BED/SED/Grp_002_SED_X018_Y000.png,18,0,1.645654996,400,Grp_002_SED_X018_Y000,SED,6.273,14.644,6273.0,14644.0
400,/Users/dawid/Library/Mobile Documents/com~apple~CloudDocs/Dokumenty/SEM_measurements/Calibration/mag400_SED-BED/SED/Grp_002_SED_X018_Y001.png,18,1,1.65069301777778,400,Grp_002_SED_X018_Y001,SED,6.273,14.657,6273.0,14657.0
400,/Users/dawid/Library/Mobile Documents/com~apple~CloudDocs/Dokumenty/SEM_measurements/Calibration/mag400_SED-BED/SED/Grp_002_SED_X018_Y002.png,18,2,1.65217478888889,400,Grp_002_SED_X018_Y002,SED,6.273,14.669,6273.0,14669.0
400,/Users/dawid/Library/Mobile Documents/com~apple~CloudDocs/Dokumenty/SEM_measurements/Calibration/mag400_SED-BED/SED/Grp_002_SED_X018_Y003.png,18,3,1.645654996,400,Grp_002_SED_X018_Y003,SED,6.273,14.682,6273.0,14682.0
400,/Users/dawid/Library/Mobile Documents/com~apple~CloudDocs/Dokumenty/SEM_measurements/Calibration/mag400_SED-BED/SED/Grp_002_SED_X018_Y004.png,18,4,1.8520286675,400,Grp_002_SED_X018_Y004,SED,6.273,14.694,6273.0,14694.0
400,/Users/dawid/Library/Mobile Documents/com~apple~CloudDocs/Dokumenty/SEM_measurements/Calibration/mag400_SED-BED/SED/Grp_002_SED_X018_Y005.png,18,5,1.64772947555556,400,Grp_002_SED_X018_Y005,SED,6.273,14.707,6273.0,14707.0
400,/Users/dawid/Library/Mobile Documents/com~apple~CloudDocs/Dokumenty/SEM_measurements/Calibration/mag400_SED-BED/SED/Grp_002_SED_X018_Y006.png,18,6,1.64476593333333,400,Grp_002_SED_X018_Y006,SED,6.273,14.719,6273.0,14719.0
400,/Users/dawid/Library/Mobile Documents/com~apple~CloudDocs/Dokumenty/SEM_measurements/Calibration/mag400_SED-BED/SED/Grp_002_SED_X018_Y007.png,18,7,1.64328416222222,400,Grp_002_SED_X018_Y007,SED,6.273,14.732,6273.0,14732.0
400,/Users/dawid/Library/Mobile Documents/com~apple~CloudDocs/Dokumenty/SEM_measurements/Calibration/mag400_SED-BED/SED/Grp_002_SED_X018_Y008.png,18,8,1.64476593333333,400,Grp_002_SED_X018_Y008,SED,6.273,14.744,6273.0,14744.0
400,/Users/dawid/Library/Mobile Documents/com~apple~CloudDocs/Dokumenty/SEM_measurements/Calibration/mag400_SED-BED/SED/Grp_002_SED_X018_Y009.png,18,9,1.64476593333333,400,Grp_002_SED_X018_Y009,SED,6.273,14.757,6273.0,14757.0
400,/Users/dawid/Library/Mobile Documents/com~apple~CloudDocs/Dokumenty/SEM_measurements/Calibration/mag400_SED-BED/SED/Grp_002_SED_X018_Y010.png,18,10,1.64180239111111,400,Grp_002_SED_X018_Y010,SED,6.273,14.769,6273.0,14769.0
400,/Users/dawid/Library/Mobile Documents/com~apple~CloudDocs/Dokumenty/SEM_measurements/Calibration/mag400_SED-BED/SED/Grp_002_SED_X018_Y011.png,18,11,1.642987808,400,Grp_002_SED_X018_Y011,SED,6.274,14.782,6274.0,14782.0
400,/Users/dawid/Library/Mobile Documents/com~apple~CloudDocs/Dokumenty/SEM_measurements/Calibration/mag400_SED-BED/SED/Grp_002_SED_X018_Y012.png,18,12,1.64476593333333,400,Grp_002_SED_X018_Y012,SED,6.273,14.794,6273.0,14794.0
400,/Users/dawid/Library/Mobile Documents/com~apple~CloudDocs/Dokumenty/SEM_measurements/Calibration/mag400_SED-BED/SED/Grp_002_SED_X018_Y013.png,18,13,1.64180239111111,400,Grp_002_SED_X018_Y013,SED,6.274,14.807,6274.0,14807.0
400,/Users/dawid/Library/Mobile Documents/com~apple~CloudDocs/Dokumenty/SEM_measurements/Calibration/mag400_SED-BED/SED/Grp_002_SED_X018_Y014.png,18,14,1.49604999636364,400,Grp_002_SED_X018_Y014,SED,6.273,14.819,6273.0,14819.0
400,/Users/dawid/Library/Mobile Documents/com~apple~CloudDocs/Dokumenty/SEM_measurements/Calibration/mag400_SED-BED/SED/Grp_002_SED_X018_Y015.png,18,15,1.64328416222222,400,Grp_002_SED_X018_Y015,SED,6.274,14.832,6274.0,14832.0
400,/Users/dawid/Library/Mobile Documents/com~apple~CloudDocs/Dokumenty/SEM_measurements/Calibration/mag400_SED-BED/SED/Grp_002_SED_X018_Y016.png,18,16,1.64624770444444,400,Grp_002_SED_X018_Y016,SED,6.273,14.844,6273.0,14844.0
400,/Users/dawid/Library/Mobile Documents/com~apple~CloudDocs/Dokumenty/SEM_measurements/Calibration/mag400_SED-BED/SED/Grp_002_SED_X018_Y017.png,18,17,1.638987026,400,Grp_002_SED_X018_Y017,SED,6.274,14.857,6274.0,14857.0
400,/Users/dawid/Library/Mobile Documents/com~apple~CloudDocs/Dokumenty/SEM_measurements/Calibration/mag400_SED-BED/SED/Grp_002_SED_X018_Y018.png,18,18,1.64032062,400,Grp_002_SED_X018_Y018,SED,6.273,14.87,6273.0,14870.0
